id,slug,primary_keyword,title,category_key,search_intent,priority,score,competition_estimate,conversion_potential,status
1,"llc-vs-s-corp-tax-calculator","llc vs s corp tax calculator","Llc vs S Corp Tax Calculator: Which Strategy Works Better in 2026?",business_structures,comparison,P1,63,low,high,pending
2,"llc-vs-s-corp-taxes","llc vs s corp taxes","Llc vs S Corp Taxes: Which Strategy Works Better in 2026?",business_structures,comparison,P1,56,medium,high,pending
3,"llc-vs-s-corp-tax-advantages","llc vs s corp tax advantages","Llc vs S Corp Tax Advantages: Which Strategy Works Better in 2026?",business_structures,comparison,P1,56,low,high,pending
4,"llc-vs-s-corp-tax-implications","llc vs s corp tax implications","Llc vs S Corp Tax Implications: Which Strategy Works Better in 2026?",business_structures,comparison,P1,56,low,high,pending
5,"tax-strategy-vs-standard-deduction","tax strategy vs standard deduction","Tax Strategy vs Standard Deduction: Which Strategy Works Better in 2026?",tax_strategies,comparison,P1,51,medium,high,pending
6,"tax-strategy-vs-itemized-deductions","tax strategy vs itemized deductions","Tax Strategy vs Itemized Deductions: Which Strategy Works Better in 2026?",tax_strategies,comparison,P1,51,medium,high,pending
7,"retirement-withdrawal-strategy-calculator-with-taxes","retirement withdrawal strategy calculator with taxes","Retirement Withdrawal Strategy Calculator With Taxes: Practical Guide + Examples",retirement,commercial,P1,51,low,high,pending
8,"retirement-withdrawal-strategy-vs-taxable-brokerage","retirement withdrawal strategy vs taxable brokerage","Retirement Withdrawal Strategy vs Taxable Brokerage: Which Strategy Works Better in 2026?",retirement,comparison,P1,51,low,high,pending
9,"tax-deduction-vs-retirement-contributions","tax deduction vs retirement contributions","Tax Deduction vs Retirement Contributions: Which Strategy Works Better in 2026?",tax_strategies,comparison,P1,49,medium,high,pending
10,"best-tax-strategy-for-401k-withdrawal","best tax strategy for 401k withdrawal","Best Tax Strategy For 401k Withdrawal: Complete 2026 Guide",tax_strategies,commercial,P1,46,low,high,pending
11,"best-tax-strategy-for-ira-withdrawals","best tax strategy for ira withdrawals","Best Tax Strategy For Ira Withdrawals: Complete 2026 Guide",tax_strategies,commercial,P1,46,low,high,pending
12,"which-is-better-for-taxes-llc-or-s-corp","which is better for taxes llc or s corp","Which Is Better For Taxes Llc Or S Corp: Complete 2026 Guide",business_structures,informational,P1,46,low,high,pending
13,"best-tax-strategy-for-retirement","best tax strategy for retirement","Best Tax Strategy For Retirement: Complete 2026 Guide",tax_strategies,commercial,P1,44,medium,high,pending
14,"tax-deductions-for-seniors-2025","tax deductions for seniors 2025","Tax Deductions For Seniors 2025: Complete 2026 Guide",tax_strategies,informational,P1,44,medium,high,pending
15,"tax-deduction-for-seniors","tax deduction for seniors","Tax Deduction For Seniors: Complete 2026 Guide",tax_strategies,informational,P1,44,medium,high,pending
16,"tax-deduction-vs-credit","tax deduction vs credit","Tax Deduction vs Credit: Which Strategy Works Better in 2026?",tax_strategies,comparison,P1,44,medium,high,pending
17,"best-tax-deductions-for-individuals","best tax deductions for individuals","Best Tax Deductions For Individuals: Complete 2026 Guide",tax_strategies,commercial,P1,44,medium,high,pending
18,"best-tax-deductions-for-small-business","best tax deductions for small business","Best Tax Deductions For Small Business: Complete 2026 Guide",tax_strategies,commercial,P1,44,low,high,pending
19,"best-tax-deductions-for-w2-employees","best tax deductions for w2 employees","Best Tax Deductions For W2 Employees: Complete 2026 Guide",tax_strategies,commercial,P1,44,low,high,pending
20,"best-tax-deductions-for-self-employed","best tax deductions for self employed","Best Tax Deductions For Self Employed: Complete 2026 Guide",tax_strategies,commercial,P1,44,low,high,pending
21,"best-tax-deductions-for-high-income-earners","best tax deductions for high income earners","Best Tax Deductions For High Income Earners: Complete 2026 Guide",tax_strategies,commercial,P1,44,low,high,pending
22,"best-tax-deductions-for-business-owners","best tax deductions for business owners","Best Tax Deductions For Business Owners: Complete 2026 Guide",tax_strategies,commercial,P1,44,low,high,pending
23,"best-tax-deductions-for-small-business-owners","best tax deductions for small business owners","Best Tax Deductions For Small Business Owners: Complete 2026 Guide",tax_strategies,commercial,P1,44,low,high,pending
24,"best-tax-deductions-for-seniors","best tax deductions for seniors","Best Tax Deductions For Seniors: Complete 2026 Guide",tax_strategies,commercial,P1,44,medium,high,pending
25,"what-tax-deductions-for-rental-property","what tax deductions for rental property","What Tax Deductions For Rental Property: Complete 2026 Guide",tax_strategies,informational,P1,44,low,high,pending
26,"what-tax-deductions-for-homeowners","what tax deductions for homeowners","What Tax Deductions For Homeowners: Complete 2026 Guide",tax_strategies,informational,P1,44,medium,high,pending
27,"what-tax-deduction-for-mortgage","what tax deduction for mortgage","What Tax Deduction For Mortgage: Complete 2026 Guide",tax_strategies,informational,P1,44,medium,high,pending
28,"what-tax-deductions-for-small-business","what tax deductions for small business","What Tax Deductions For Small Business: Complete 2026 Guide",tax_strategies,informational,P1,44,low,high,pending
29,"how-is-qbi-deduction-calculated-for-s-corp","how is qbi deduction calculated for s corp","How Is Qbi Deduction Calculated For S Corp: Complete 2026 Guide",tax_strategies,informational,P1,44,low,high,pending
30,"tax-strategy-vs-retirement-contributions","tax strategy vs retirement contributions","Tax Strategy vs Retirement Contributions: Which Strategy Works Better in 2026?",tax_strategies,comparison,P1,44,medium,high,pending
31,"tax-deduction-for-high-earners","tax deduction for high earners","Tax Deduction For High Earners: Complete 2026 Guide",tax_strategies,informational,P1,44,medium,high,pending
32,"tax-deduction-for-small-business-owners","tax deduction for small business owners","Tax Deduction For Small Business Owners: Complete 2026 Guide",tax_strategies,informational,P1,44,low,high,pending
33,"tax-deduction-for-real-estate-investors","tax deduction for real estate investors","Tax Deduction For Real Estate Investors: Complete 2026 Guide",tax_strategies,informational,P1,44,low,high,pending
34,"tax-deduction-for-self-employed-professionals","tax deduction for self employed professionals","Tax Deduction For Self Employed Professionals: Complete 2026 Guide",tax_strategies,informational,P1,44,low,high,pending
35,"tax-deduction-for-physicians","tax deduction for physicians","Tax Deduction For Physicians: Complete 2026 Guide",tax_strategies,informational,P1,44,medium,high,pending
36,"tax-deduction-for-consultants","tax deduction for consultants","Tax Deduction For Consultants: Complete 2026 Guide",tax_strategies,informational,P1,44,medium,high,pending
37,"tax-deduction-vs-standard-deduction","tax deduction vs standard deduction","Tax Deduction vs Standard Deduction: Which Strategy Works Better in 2026?",tax_strategies,comparison,P1,44,medium,high,pending
38,"tax-deduction-vs-itemized-deductions","tax deduction vs itemized deductions","Tax Deduction vs Itemized Deductions: Which Strategy Works Better in 2026?",tax_strategies,comparison,P1,44,medium,high,pending
39,"tax-deduction-vs-entity-restructuring","tax deduction vs entity restructuring","Tax Deduction vs Entity Restructuring: Which Strategy Works Better in 2026?",tax_strategies,comparison,P1,44,medium,high,pending
40,"tax-deduction-vs-charitable-planning","tax deduction vs charitable planning","Tax Deduction vs Charitable Planning: Which Strategy Works Better in 2026?",tax_strategies,comparison,P1,44,medium,high,pending
41,"tax-deduction-for-beginners","tax deduction for beginners","Tax Deduction For Beginners: Complete 2026 Guide",tax_strategies,informational,P1,44,medium,high,pending
42,"tax-deduction-best-strategy","tax deduction best strategy","Tax Deduction Best Strategy: Complete 2026 Guide",tax_strategies,commercial,P1,44,medium,high,pending
43,"tax-planning-vs-standard-deduction","tax planning vs standard deduction","Tax Planning vs Standard Deduction: Which Strategy Works Better in 2026?",tax_strategies,comparison,P1,44,medium,high,pending
44,"tax-planning-vs-itemized-deductions","tax planning vs itemized deductions","Tax Planning vs Itemized Deductions: Which Strategy Works Better in 2026?",tax_strategies,comparison,P1,44,medium,high,pending
45,"estate-tax-planning-vs-standard-deduction","estate tax planning vs standard deduction","Estate Tax Planning vs Standard Deduction: Which Strategy Works Better in 2026?",tax_strategies,comparison,P1,44,low,high,pending
46,"estate-tax-planning-vs-itemized-deductions","estate tax planning vs itemized deductions","Estate Tax Planning vs Itemized Deductions: Which Strategy Works Better in 2026?",tax_strategies,comparison,P1,44,low,high,pending
47,"capital-gains-tax-vs-standard-deduction","capital gains tax vs standard deduction","Capital Gains Tax vs Standard Deduction: Which Strategy Works Better in 2026?",tax_strategies,comparison,P1,44,low,high,pending
48,"capital-gains-tax-vs-itemized-deductions","capital gains tax vs itemized deductions","Capital Gains Tax vs Itemized Deductions: Which Strategy Works Better in 2026?",tax_strategies,comparison,P1,44,low,high,pending
49,"retirement-withdrawal-strategy-tax-implications","retirement withdrawal strategy tax implications","Retirement Withdrawal Strategy Tax Implications: Complete 2026 Guide",retirement,informational,P1,44,medium,high,pending
50,"llc-vs-s-corporation","llc vs s corporation","Llc vs S Corporation: Which Strategy Works Better in 2026?",business_structures,comparison,P1,44,medium,high,pending
51,"s-corp-election-for-llc","s corp election for llc","S Corp Election For Llc: Complete 2026 Guide",business_structures,informational,P1,44,medium,high,pending
52,"how-to-make-s-corp-election-for-llc","how to make s corp election for llc","How To Make S Corp Election For Llc: Complete 2026 Guide",business_structures,informational,P1,44,low,high,pending
53,"s-corp-election-vs-professional-llc","s corp election vs professional llc","S Corp Election vs Professional Llc: Which Strategy Works Better in 2026?",business_structures,comparison,P1,44,low,high,pending
54,"best-tax-strategy-for-selling-stocks","best tax strategy for selling stocks","Best Tax Strategy For Selling Stocks: Complete 2026 Guide",tax_strategies,commercial,P2,39,low,medium,pending
55,"best-tax-strategy-for-high-income-earners","best tax strategy for high income earners","Best Tax Strategy For High Income Earners: Complete 2026 Guide",tax_strategies,commercial,P2,39,low,medium,pending
56,"best-tax-strategy-for-inherited-ira","best tax strategy for inherited ira","Best Tax Strategy For Inherited Ira: Complete 2026 Guide",tax_strategies,commercial,P2,39,low,medium,pending
57,"best-tax-strategy-for-small-business","best tax strategy for small business","Best Tax Strategy For Small Business: Complete 2026 Guide",tax_strategies,commercial,P2,39,low,medium,pending
58,"best-tax-strategy-for-day-traders","best tax strategy for day traders","Best Tax Strategy For Day Traders: Complete 2026 Guide",tax_strategies,commercial,P2,39,low,medium,pending
59,"tax-strategy-for-high-earners","tax strategy for high earners","Tax Strategy For High Earners: Complete 2026 Guide",tax_strategies,informational,P2,39,medium,medium,pending
60,"tax-strategy-for-small-business-owners","tax strategy for small business owners","Tax Strategy For Small Business Owners: Complete 2026 Guide",tax_strategies,informational,P2,39,low,medium,pending
61,"tax-strategy-for-real-estate-investors","tax strategy for real estate investors","Tax Strategy For Real Estate Investors: Complete 2026 Guide",tax_strategies,informational,P2,39,low,medium,pending
62,"tax-strategy-for-self-employed-professionals","tax strategy for self employed professionals","Tax Strategy For Self Employed Professionals: Complete 2026 Guide",tax_strategies,informational,P2,39,low,medium,pending
63,"tax-strategy-for-physicians","tax strategy for physicians","Tax Strategy For Physicians: Complete 2026 Guide",tax_strategies,informational,P2,39,medium,medium,pending
64,"tax-strategy-for-consultants","tax strategy for consultants","Tax Strategy For Consultants: Complete 2026 Guide",tax_strategies,informational,P2,39,medium,medium,pending
65,"tax-strategy-vs-entity-restructuring","tax strategy vs entity restructuring","Tax Strategy vs Entity Restructuring: Which Strategy Works Better in 2026?",tax_strategies,comparison,P2,39,medium,medium,pending
66,"tax-strategy-vs-charitable-planning","tax strategy vs charitable planning","Tax Strategy vs Charitable Planning: Which Strategy Works Better in 2026?",tax_strategies,comparison,P2,39,medium,medium,pending
67,"tax-strategy-for-beginners","tax strategy for beginners","Tax Strategy For Beginners: Complete 2026 Guide",tax_strategies,informational,P2,39,medium,medium,pending
68,"hsa-strategy-vs-standard-deduction","hsa strategy vs standard deduction","Hsa Strategy vs Standard Deduction: Which Strategy Works Better in 2026?",tax_strategies,comparison,P2,39,medium,medium,pending
69,"hsa-strategy-vs-itemized-deductions","hsa strategy vs itemized deductions","Hsa Strategy vs Itemized Deductions: Which Strategy Works Better in 2026?",tax_strategies,comparison,P2,39,medium,medium,pending
70,"retirement-withdrawal-strategy-calculator","retirement withdrawal strategy calculator","Retirement Withdrawal Strategy Calculator: Practical Guide + Examples",retirement,commercial,P2,39,medium,medium,pending
71,"best-retirement-withdrawal-strategy-calculator","best retirement withdrawal strategy calculator","Best Retirement Withdrawal Strategy Calculator: Practical Guide + Examples",retirement,commercial,P2,39,medium,medium,pending
72,"strategy-for-retirement-withdrawals","strategy for retirement withdrawals","Strategy For Retirement Withdrawals: Complete 2026 Guide",retirement,informational,P2,39,medium,medium,pending
73,"401k-strategy-vs-taxable-brokerage","401k strategy vs taxable brokerage","401k Strategy vs Taxable Brokerage: Which Strategy Works Better in 2026?",retirement,comparison,P2,39,medium,medium,pending
74,"ira-strategy-vs-taxable-brokerage","ira strategy vs taxable brokerage","Ira Strategy vs Taxable Brokerage: Which Strategy Works Better in 2026?",retirement,comparison,P2,39,medium,medium,pending
75,"retirement-withdrawal-strategy-for-pre-retirees","retirement withdrawal strategy for pre retirees","Retirement Withdrawal Strategy For Pre Retirees: Complete 2026 Guide",retirement,informational,P2,39,low,medium,pending
76,"retirement-withdrawal-strategy-for-early-retirees","retirement withdrawal strategy for early retirees","Retirement Withdrawal Strategy For Early Retirees: Complete 2026 Guide",retirement,informational,P2,39,low,medium,pending
77,"retirement-withdrawal-strategy-for-government-employees","retirement withdrawal strategy for government employees","Retirement Withdrawal Strategy For Government Employees: Complete 2026 Guide",retirement,informational,P2,39,low,medium,pending
78,"retirement-withdrawal-strategy-for-self-employed","retirement withdrawal strategy for self employed","Retirement Withdrawal Strategy For Self Employed: Complete 2026 Guide",retirement,informational,P2,39,low,medium,pending
79,"retirement-withdrawal-strategy-for-married-couples","retirement withdrawal strategy for married couples","Retirement Withdrawal Strategy For Married Couples: Complete 2026 Guide",retirement,informational,P2,39,low,medium,pending
80,"retirement-withdrawal-strategy-for-high-income-families","retirement withdrawal strategy for high income families","Retirement Withdrawal Strategy For High Income Families: Complete 2026 Guide",retirement,informational,P2,39,low,medium,pending
81,"retirement-withdrawal-strategy-vs-pension-options","retirement withdrawal strategy vs pension options","Retirement Withdrawal Strategy vs Pension Options: Which Strategy Works Better in 2026?",retirement,comparison,P2,39,low,medium,pending
82,"retirement-withdrawal-strategy-vs-cash-bucket-strategy","retirement withdrawal strategy vs cash bucket strategy","Retirement Withdrawal Strategy vs Cash Bucket Strategy: Which Strategy Works Better in 2026?",retirement,comparison,P2,39,low,medium,pending
83,"retirement-withdrawal-strategy-vs-bond-ladders","retirement withdrawal strategy vs bond ladders","Retirement Withdrawal Strategy vs Bond Ladders: Which Strategy Works Better in 2026?",retirement,comparison,P2,39,low,medium,pending
84,"retirement-withdrawal-strategy-vs-delayed-retirement","retirement withdrawal strategy vs delayed retirement","Retirement Withdrawal Strategy vs Delayed Retirement: Which Strategy Works Better in 2026?",retirement,comparison,P2,39,low,medium,pending
85,"retirement-withdrawal-strategy-for-beginners","retirement withdrawal strategy for beginners","Retirement Withdrawal Strategy For Beginners: Complete 2026 Guide",retirement,informational,P2,39,medium,medium,pending
86,"retirement-withdrawal-strategy-for-high-earners","retirement withdrawal strategy for high earners","Retirement Withdrawal Strategy For High Earners: Complete 2026 Guide",retirement,informational,P2,39,low,medium,pending
87,"retirement-withdrawal-strategy-for-small-business-owners","retirement withdrawal strategy for small business owners","Retirement Withdrawal Strategy For Small Business Owners: Complete 2026 Guide",retirement,informational,P2,39,low,medium,pending
88,"retirement-withdrawal-strategy-checklist","retirement withdrawal strategy checklist","Retirement Withdrawal Strategy Checklist: Practical Guide + Examples",retirement,informational,P2,39,medium,medium,pending
89,"retirement-withdrawal-strategy-template","retirement withdrawal strategy template","Retirement Withdrawal Strategy Template: Practical Guide + Examples",retirement,commercial,P2,39,medium,medium,pending
90,"reasonable-salary-calculator-for-s-corp","reasonable salary calculator for s corp","Reasonable Salary Calculator For S Corp: Practical Guide + Examples",business_structures,commercial,P2,39,low,medium,pending
91,"tax-deduction-car-loan-interest","tax deduction car loan interest","Tax Deduction Car Loan Interest: Complete 2026 Guide",tax_strategies,informational,P2,37,medium,medium,pending
92,"best-tax-deductions-2025","best tax deductions 2025","Best Tax Deductions 2025: Complete 2026 Guide",tax_strategies,commercial,P2,37,medium,medium,pending
93,"how-tax-deductions-work","how tax deductions work","How Tax Deductions Work: Complete 2026 Guide",tax_strategies,informational,P2,37,medium,medium,pending
94,"how-tax-deduction-calculated","how tax deduction calculated","How Tax Deduction Calculated: Complete 2026 Guide",tax_strategies,informational,P2,37,medium,medium,pending
95,"how-tax-deductions-are-compared-to-tax-exemptions","how tax deductions are compared to tax exemptions","How Tax Deductions Are Compared To Tax Exemptions: Complete 2026 Guide",tax_strategies,informational,P2,37,low,medium,pending
96,"tax-planning-vs-retirement-contributions","tax planning vs retirement contributions","Tax Planning vs Retirement Contributions: Which Strategy Works Better in 2026?",tax_strategies,comparison,P2,37,medium,medium,pending
97,"qbi-deduction-vs-retirement-contributions","qbi deduction vs retirement contributions","Qbi Deduction vs Retirement Contributions: Which Strategy Works Better in 2026?",tax_strategies,comparison,P2,37,medium,medium,pending
98,"qbi-deduction-tax-implications","qbi deduction tax implications","Qbi Deduction Tax Implications: Complete 2026 Guide",tax_strategies,informational,P2,37,medium,medium,pending
99,"estate-tax-planning-vs-retirement-contributions","estate tax planning vs retirement contributions","Estate Tax Planning vs Retirement Contributions: Which Strategy Works Better in 2026?",tax_strategies,comparison,P2,37,low,medium,pending
100,"capital-gains-tax-vs-retirement-contributions","capital gains tax vs retirement contributions","Capital Gains Tax vs Retirement Contributions: Which Strategy Works Better in 2026?",tax_strategies,comparison,P2,37,low,medium,pending
101,"retirement-income-plan-vs-taxable-brokerage","retirement income plan vs taxable brokerage","Retirement Income Plan vs Taxable Brokerage: Which Strategy Works Better in 2026?",retirement,comparison,P2,37,low,medium,pending
102,"better-llc-or-s-corp","better llc or s corp","Better Llc Or S Corp: Complete 2026 Guide",business_structures,informational,P2,37,medium,medium,pending
103,"what-is-best-llc-or-s-corp","what is best llc or s corp","What Is Best Llc Or S Corp: Complete 2026 Guide",business_structures,commercial,P2,37,low,medium,pending
104,"what-s-better-llc-or-s-corp","what s better llc or s corp","What S Better Llc Or S Corp: Complete 2026 Guide",business_structures,informational,P2,37,low,medium,pending
105,"is-an-s-corp-better-than-an-llc","is an s corp better than an llc","Is An S Corp Better Than An Llc: Complete 2026 Guide",business_structures,informational,P2,37,low,medium,pending
106,"how-are-series-llc-taxed","how are series llc taxed","How Are Series Llc Taxed: Complete 2026 Guide",business_structures,informational,P2,37,medium,medium,pending
107,"s-corp-election-tax-implications","s corp election tax implications","S Corp Election Tax Implications: Complete 2026 Guide",business_structures,informational,P2,37,medium,medium,pending
108,"series-llc-tax-implications","series llc tax implications","Series Llc Tax Implications: Complete 2026 Guide",business_structures,informational,P2,37,medium,medium,pending
109,"multi-state-llc-tax-implications","multi state llc tax implications","Multi State Llc Tax Implications: Complete 2026 Guide",business_structures,informational,P2,37,medium,medium,pending
110,"retirement-withdrawal-strategy-2026","retirement withdrawal strategy 2026","Retirement Withdrawal Strategy 2026: Complete 2026 Guide",retirement,informational,P2,35,medium,medium,pending
111,"debt-avalanche-payoff-calculator","debt avalanche payoff calculator","Debt Avalanche Payoff Calculator: Practical Guide + Examples",debt_management,commercial,P2,34,medium,medium,pending
112,"student-loan-payoff-vs-cash-flow-budgeting","student loan payoff vs cash flow budgeting","Student Loan Payoff vs Cash Flow Budgeting: Which Strategy Works Better in 2026?",debt_management,comparison,P2,34,low,medium,pending
113,"student-loan-payoff-tax-implications","student loan payoff tax implications","Student Loan Payoff Tax Implications: Complete 2026 Guide",debt_management,informational,P2,34,medium,medium,pending
114,"tax-strategy-365-reviews","tax strategy 365 reviews","Tax Strategy 365 Reviews: Complete 2026 Guide",tax_strategies,informational,P2,32,medium,medium,pending
115,"best-tax-strategy-books","best tax strategy books","Best Tax Strategy Books: Complete 2026 Guide",tax_strategies,commercial,P2,32,medium,medium,pending
116,"tax-planning-for-beginners","tax planning for beginners","Tax Planning For Beginners: Complete 2026 Guide",tax_strategies,informational,P2,32,medium,medium,pending
117,"tax-strategies-for-beginners","tax strategies for beginners","Tax Strategies For Beginners: Complete 2026 Guide",tax_strategies,informational,P2,32,medium,medium,pending
118,"tax-planning-for-dummies","tax planning for dummies","Tax Planning For Dummies: Complete 2026 Guide",tax_strategies,informational,P2,32,medium,medium,pending
119,"how-to-do-tax-planning-for-individual","how to do tax planning for individual","How To Do Tax Planning For Individual: Complete 2026 Guide",tax_strategies,informational,P2,32,low,medium,pending
120,"best-tax-planning-software-for-individuals","best tax planning software for individuals","Best Tax Planning Software For Individuals: Complete 2026 Guide",tax_strategies,commercial,P2,32,low,medium,pending
121,"best-tax-planning-software-for-retirees","best tax planning software for retirees","Best Tax Planning Software For Retirees: Complete 2026 Guide",tax_strategies,commercial,P2,32,low,medium,pending
122,"best-tax-planning-software-for-financial-advisors","best tax planning software for financial advisors","Best Tax Planning Software For Financial Advisors: Complete 2026 Guide",tax_strategies,commercial,P2,32,low,medium,pending
123,"best-tax-planning-software-for-accountants","best tax planning software for accountants","Best Tax Planning Software For Accountants: Complete 2026 Guide",tax_strategies,commercial,P2,32,low,medium,pending
124,"best-tax-planning-software-for-cpas","best tax planning software for cpas","Best Tax Planning Software For Cpas: Complete 2026 Guide",tax_strategies,commercial,P2,32,low,medium,pending
125,"best-tax-planning-software-for-roth-conversions","best tax planning software for roth conversions","Best Tax Planning Software For Roth Conversions: Complete 2026 Guide",tax_strategies,commercial,P2,32,low,medium,pending
126,"roth-conversion-tax-calculator","roth conversion tax calculator","Roth Conversion Tax Calculator: Practical Guide + Examples",tax_strategies,commercial,P2,32,medium,medium,pending
127,"tax-planning-software-for-individuals","tax planning software for individuals","Tax Planning Software For Individuals: Complete 2026 Guide",tax_strategies,informational,P2,32,medium,medium,pending
128,"qbi-deduction-for-dummies","qbi deduction for dummies","Qbi Deduction For Dummies: Complete 2026 Guide",tax_strategies,informational,P2,32,medium,medium,pending
129,"what-activities-qualify-for-qbi-deduction","what activities qualify for qbi deduction","What Activities Qualify For Qbi Deduction: Complete 2026 Guide",tax_strategies,informational,P2,32,low,medium,pending
130,"do-i-qualify-for-qbi-deduction","do i qualify for qbi deduction","Do I Qualify For Qbi Deduction: Complete 2026 Guide",tax_strategies,informational,P2,32,low,medium,pending
131,"what-qualifies-for-qbi-deduction","what qualifies for qbi deduction","What Qualifies For Qbi Deduction: Complete 2026 Guide",tax_strategies,informational,P2,32,medium,medium,pending
132,"estate-tax-planning-for-non-us-citizens","estate tax planning for non us citizens","Estate Tax Planning For Non Us Citizens: Complete 2026 Guide",tax_strategies,informational,P2,32,low,medium,pending
133,"capital-gains-tax-calculator","capital gains tax calculator","Capital Gains Tax Calculator: Practical Guide + Examples",tax_strategies,commercial,P2,32,medium,medium,pending
134,"best-capital-gains-tax-calculator","best capital gains tax calculator","Best Capital Gains Tax Calculator: Practical Guide + Examples",tax_strategies,commercial,P2,32,medium,medium,pending
135,"tax-strategy-step-by-step","tax strategy step by step","Tax Strategy Step By Step: Complete 2026 Guide",tax_strategies,informational,P2,32,medium,medium,pending
136,"tax-strategy-mistakes-to-avoid","tax strategy mistakes to avoid","Tax Strategy Mistakes To Avoid: Complete 2026 Guide",tax_strategies,informational,P2,32,medium,medium,pending
137,"tax-strategy-tax-implications","tax strategy tax implications","Tax Strategy Tax Implications: Complete 2026 Guide",tax_strategies,informational,P2,32,medium,medium,pending
138,"tax-strategy-best-strategy","tax strategy best strategy","Tax Strategy Best Strategy: Complete 2026 Guide",tax_strategies,commercial,P2,32,medium,medium,pending
139,"tax-strategy-case-study","tax strategy case study","Tax Strategy Case Study: Complete 2026 Guide",tax_strategies,informational,P2,32,medium,medium,pending
140,"tax-planning-for-high-earners","tax planning for high earners","Tax Planning For High Earners: Complete 2026 Guide",tax_strategies,informational,P2,32,medium,medium,pending
141,"tax-planning-for-small-business-owners","tax planning for small business owners","Tax Planning For Small Business Owners: Complete 2026 Guide",tax_strategies,informational,P2,32,low,medium,pending
142,"tax-planning-for-real-estate-investors","tax planning for real estate investors","Tax Planning For Real Estate Investors: Complete 2026 Guide",tax_strategies,informational,P2,32,low,medium,pending
143,"tax-planning-for-self-employed-professionals","tax planning for self employed professionals","Tax Planning For Self Employed Professionals: Complete 2026 Guide",tax_strategies,informational,P2,32,low,medium,pending
144,"tax-planning-for-physicians","tax planning for physicians","Tax Planning For Physicians: Complete 2026 Guide",tax_strategies,informational,P2,32,medium,medium,pending
145,"tax-planning-for-consultants","tax planning for consultants","Tax Planning For Consultants: Complete 2026 Guide",tax_strategies,informational,P2,32,medium,medium,pending
146,"tax-planning-vs-entity-restructuring","tax planning vs entity restructuring","Tax Planning vs Entity Restructuring: Which Strategy Works Better in 2026?",tax_strategies,comparison,P2,32,medium,medium,pending
147,"tax-planning-vs-charitable-planning","tax planning vs charitable planning","Tax Planning vs Charitable Planning: Which Strategy Works Better in 2026?",tax_strategies,comparison,P2,32,medium,medium,pending
148,"tax-planning-best-strategy","tax planning best strategy","Tax Planning Best Strategy: Complete 2026 Guide",tax_strategies,commercial,P2,32,medium,medium,pending
149,"roth-conversion-vs-standard-deduction","roth conversion vs standard deduction","Roth Conversion vs Standard Deduction: Which Strategy Works Better in 2026?",tax_strategies,comparison,P2,32,medium,medium,pending
150,"roth-conversion-vs-itemized-deductions","roth conversion vs itemized deductions","Roth Conversion vs Itemized Deductions: Which Strategy Works Better in 2026?",tax_strategies,comparison,P2,32,medium,medium,pending
151,"qbi-deduction-for-high-earners","qbi deduction for high earners","Qbi Deduction For High Earners: Complete 2026 Guide",tax_strategies,informational,P2,32,medium,medium,pending
152,"qbi-deduction-for-small-business-owners","qbi deduction for small business owners","Qbi Deduction For Small Business Owners: Complete 2026 Guide",tax_strategies,informational,P2,32,low,medium,pending
153,"qbi-deduction-for-real-estate-investors","qbi deduction for real estate investors","Qbi Deduction For Real Estate Investors: Complete 2026 Guide",tax_strategies,informational,P2,32,low,medium,pending
154,"qbi-deduction-for-self-employed-professionals","qbi deduction for self employed professionals","Qbi Deduction For Self Employed Professionals: Complete 2026 Guide",tax_strategies,informational,P2,32,low,medium,pending
155,"qbi-deduction-for-physicians","qbi deduction for physicians","Qbi Deduction For Physicians: Complete 2026 Guide",tax_strategies,informational,P2,32,medium,medium,pending
156,"qbi-deduction-for-consultants","qbi deduction for consultants","Qbi Deduction For Consultants: Complete 2026 Guide",tax_strategies,informational,P2,32,medium,medium,pending
157,"qbi-deduction-vs-standard-deduction","qbi deduction vs standard deduction","Qbi Deduction vs Standard Deduction: Which Strategy Works Better in 2026?",tax_strategies,comparison,P2,32,medium,medium,pending
158,"qbi-deduction-vs-itemized-deductions","qbi deduction vs itemized deductions","Qbi Deduction vs Itemized Deductions: Which Strategy Works Better in 2026?",tax_strategies,comparison,P2,32,medium,medium,pending
159,"qbi-deduction-vs-entity-restructuring","qbi deduction vs entity restructuring","Qbi Deduction vs Entity Restructuring: Which Strategy Works Better in 2026?",tax_strategies,comparison,P2,32,medium,medium,pending
160,"qbi-deduction-vs-charitable-planning","qbi deduction vs charitable planning","Qbi Deduction vs Charitable Planning: Which Strategy Works Better in 2026?",tax_strategies,comparison,P2,32,medium,medium,pending
161,"qbi-deduction-for-beginners","qbi deduction for beginners","Qbi Deduction For Beginners: Complete 2026 Guide",tax_strategies,informational,P2,32,medium,medium,pending
162,"qbi-deduction-best-strategy","qbi deduction best strategy","Qbi Deduction Best Strategy: Complete 2026 Guide",tax_strategies,commercial,P2,32,medium,medium,pending
163,"cost-segregation-vs-standard-deduction","cost segregation vs standard deduction","Cost Segregation vs Standard Deduction: Which Strategy Works Better in 2026?",tax_strategies,comparison,P2,32,medium,medium,pending
164,"cost-segregation-vs-itemized-deductions","cost segregation vs itemized deductions","Cost Segregation vs Itemized Deductions: Which Strategy Works Better in 2026?",tax_strategies,comparison,P2,32,medium,medium,pending
165,"1031-exchange-vs-standard-deduction","1031 exchange vs standard deduction","1031 Exchange vs Standard Deduction: Which Strategy Works Better in 2026?",tax_strategies,comparison,P2,32,medium,medium,pending
166,"1031-exchange-vs-itemized-deductions","1031 exchange vs itemized deductions","1031 Exchange vs Itemized Deductions: Which Strategy Works Better in 2026?",tax_strategies,comparison,P2,32,medium,medium,pending
167,"hsa-strategy-vs-retirement-contributions","hsa strategy vs retirement contributions","Hsa Strategy vs Retirement Contributions: Which Strategy Works Better in 2026?",tax_strategies,comparison,P2,32,medium,medium,pending
168,"hsa-strategy-tax-implications","hsa strategy tax implications","Hsa Strategy Tax Implications: Complete 2026 Guide",tax_strategies,informational,P2,32,medium,medium,pending
169,"estate-tax-planning-for-high-earners","estate tax planning for high earners","Estate Tax Planning For High Earners: Complete 2026 Guide",tax_strategies,informational,P2,32,low,medium,pending
170,"estate-tax-planning-for-small-business-owners","estate tax planning for small business owners","Estate Tax Planning For Small Business Owners: Complete 2026 Guide",tax_strategies,informational,P2,32,low,medium,pending
171,"estate-tax-planning-for-real-estate-investors","estate tax planning for real estate investors","Estate Tax Planning For Real Estate Investors: Complete 2026 Guide",tax_strategies,informational,P2,32,low,medium,pending
172,"estate-tax-planning-for-self-employed-professionals","estate tax planning for self employed professionals","Estate Tax Planning For Self Employed Professionals: Complete 2026 Guide",tax_strategies,informational,P2,32,low,medium,pending
173,"estate-tax-planning-for-physicians","estate tax planning for physicians","Estate Tax Planning For Physicians: Complete 2026 Guide",tax_strategies,informational,P2,32,medium,medium,pending
174,"estate-tax-planning-for-consultants","estate tax planning for consultants","Estate Tax Planning For Consultants: Complete 2026 Guide",tax_strategies,informational,P2,32,medium,medium,pending
175,"estate-tax-planning-vs-entity-restructuring","estate tax planning vs entity restructuring","Estate Tax Planning vs Entity Restructuring: Which Strategy Works Better in 2026?",tax_strategies,comparison,P2,32,low,medium,pending
176,"estate-tax-planning-for-beginners","estate tax planning for beginners","Estate Tax Planning For Beginners: Complete 2026 Guide",tax_strategies,informational,P2,32,medium,medium,pending
177,"estate-tax-planning-checklist","estate tax planning checklist","Estate Tax Planning Checklist: Practical Guide + Examples",tax_strategies,informational,P2,32,medium,medium,pending
178,"estate-tax-planning-calculator","estate tax planning calculator","Estate Tax Planning Calculator: Practical Guide + Examples",tax_strategies,commercial,P2,32,medium,medium,pending
179,"estate-tax-planning-template","estate tax planning template","Estate Tax Planning Template: Practical Guide + Examples",tax_strategies,commercial,P2,32,medium,medium,pending
180,"estate-tax-planning-best-strategy","estate tax planning best strategy","Estate Tax Planning Best Strategy: Complete 2026 Guide",tax_strategies,commercial,P2,32,medium,medium,pending
181,"capital-gains-tax-for-high-earners","capital gains tax for high earners","Capital Gains Tax For High Earners: Complete 2026 Guide",tax_strategies,informational,P2,32,low,medium,pending
182,"capital-gains-tax-for-small-business-owners","capital gains tax for small business owners","Capital Gains Tax For Small Business Owners: Complete 2026 Guide",tax_strategies,informational,P2,32,low,medium,pending
183,"capital-gains-tax-for-real-estate-investors","capital gains tax for real estate investors","Capital Gains Tax For Real Estate Investors: Complete 2026 Guide",tax_strategies,informational,P2,32,low,medium,pending
184,"capital-gains-tax-for-self-employed-professionals","capital gains tax for self employed professionals","Capital Gains Tax For Self Employed Professionals: Complete 2026 Guide",tax_strategies,informational,P2,32,low,medium,pending
185,"capital-gains-tax-for-physicians","capital gains tax for physicians","Capital Gains Tax For Physicians: Complete 2026 Guide",tax_strategies,informational,P2,32,medium,medium,pending
186,"capital-gains-tax-for-consultants","capital gains tax for consultants","Capital Gains Tax For Consultants: Complete 2026 Guide",tax_strategies,informational,P2,32,medium,medium,pending
187,"capital-gains-tax-vs-entity-restructuring","capital gains tax vs entity restructuring","Capital Gains Tax vs Entity Restructuring: Which Strategy Works Better in 2026?",tax_strategies,comparison,P2,32,low,medium,pending
188,"capital-gains-tax-for-beginners","capital gains tax for beginners","Capital Gains Tax For Beginners: Complete 2026 Guide",tax_strategies,informational,P2,32,medium,medium,pending
189,"capital-gains-tax-checklist","capital gains tax checklist","Capital Gains Tax Checklist: Practical Guide + Examples",tax_strategies,informational,P2,32,medium,medium,pending
190,"capital-gains-tax-template","capital gains tax template","Capital Gains Tax Template: Practical Guide + Examples",tax_strategies,commercial,P2,32,medium,medium,pending
191,"capital-gains-tax-best-strategy","capital gains tax best strategy","Capital Gains Tax Best Strategy: Complete 2026 Guide",tax_strategies,commercial,P2,32,medium,medium,pending
192,"retirement-withdrawal-strategy-software","retirement withdrawal strategy software","Retirement Withdrawal Strategy Software: Complete 2026 Guide",retirement,informational,P2,32,medium,medium,pending
193,"retirement-withdrawal-strategy-spreadsheet","retirement withdrawal strategy spreadsheet","Retirement Withdrawal Strategy Spreadsheet: Complete 2026 Guide",retirement,informational,P2,32,medium,medium,pending
194,"retirement-withdrawal-strategy-guardrails","retirement withdrawal strategy guardrails","Retirement Withdrawal Strategy Guardrails: Complete 2026 Guide",retirement,informational,P2,32,medium,medium,pending
195,"best-retirement-withdrawal-strategy","best retirement withdrawal strategy","Best Retirement Withdrawal Strategy: Complete 2026 Guide",retirement,commercial,P2,32,medium,medium,pending
196,"401k-strategy-vs-delayed-retirement","401k strategy vs delayed retirement","401k Strategy vs Delayed Retirement: Which Strategy Works Better in 2026?",retirement,comparison,P2,32,medium,medium,pending
197,"401k-strategy-tax-implications","401k strategy tax implications","401k Strategy Tax Implications: Complete 2026 Guide",retirement,informational,P2,32,medium,medium,pending
198,"ira-strategy-vs-delayed-retirement","ira strategy vs delayed retirement","Ira Strategy vs Delayed Retirement: Which Strategy Works Better in 2026?",retirement,comparison,P2,32,medium,medium,pending
199,"ira-strategy-tax-implications","ira strategy tax implications","Ira Strategy Tax Implications: Complete 2026 Guide",retirement,informational,P2,32,medium,medium,pending
200,"roth-ira-vs-taxable-brokerage","roth ira vs taxable brokerage","Roth Ira vs Taxable Brokerage: Which Strategy Works Better in 2026?",retirement,comparison,P2,32,medium,medium,pending
201,"backdoor-roth-vs-taxable-brokerage","backdoor roth vs taxable brokerage","Backdoor Roth vs Taxable Brokerage: Which Strategy Works Better in 2026?",retirement,comparison,P2,32,medium,medium,pending
202,"required-minimum-distributions-vs-taxable-brokerage","required minimum distributions vs taxable brokerage","Required Minimum Distributions vs Taxable Brokerage: Which Strategy Works Better in 2026?",retirement,comparison,P2,32,low,medium,pending
203,"social-security-claiming-vs-taxable-brokerage","social security claiming vs taxable brokerage","Social Security Claiming vs Taxable Brokerage: Which Strategy Works Better in 2026?",retirement,comparison,P2,32,low,medium,pending
204,"sequence-of-returns-risk-vs-taxable-brokerage","sequence of returns risk vs taxable brokerage","Sequence Of Returns Risk vs Taxable Brokerage: Which Strategy Works Better in 2026?",retirement,comparison,P2,32,low,medium,pending
205,"retirement-income-plan-vs-cash-bucket-strategy","retirement income plan vs cash bucket strategy","Retirement Income Plan vs Cash Bucket Strategy: Which Strategy Works Better in 2026?",retirement,comparison,P2,32,low,medium,pending
206,"annuities-vs-bonds-vs-taxable-brokerage","annuities vs bonds vs taxable brokerage","Annuities vs Bonds: Which Strategy Works Better in 2026?",retirement,comparison,P2,32,low,medium,pending
207,"annuities-vs-bonds-tax-implications","annuities vs bonds tax implications","Annuities vs Bonds Tax Implications: Which Strategy Works Better in 2026?",retirement,comparison,P2,32,medium,medium,pending
208,"reasonable-salary-for-s-corp","reasonable salary for s corp","Reasonable Salary For S Corp: Complete 2026 Guide",business_structures,informational,P2,32,medium,medium,pending
209,"reasonable-salary-for-s-corp-owner","reasonable salary for s corp owner","Reasonable Salary For S Corp Owner: Complete 2026 Guide",business_structures,informational,P2,32,low,medium,pending
210,"how-to-determine-reasonable-salary-for-s-corp","how to determine reasonable salary for s corp","How To Determine Reasonable Salary For S Corp: Complete 2026 Guide",business_structures,informational,P2,32,low,medium,pending
211,"how-to-calculate-reasonable-salary-for-s-corp","how to calculate reasonable salary for s corp","How To Calculate Reasonable Salary For S Corp: Complete 2026 Guide",business_structures,informational,P2,32,low,medium,pending
212,"how-much-is-reasonable-salary-for-s-corp","how much is reasonable salary for s corp","How Much Is Reasonable Salary For S Corp: Complete 2026 Guide",business_structures,informational,P2,32,low,medium,pending
213,"series-llc-vs-llc","series llc vs llc","Series Llc vs Llc: Which Strategy Works Better in 2026?",business_structures,comparison,P2,32,medium,medium,pending
214,"series-llc-vs-holding-company","series llc vs holding company","Series Llc vs Holding Company: Which Strategy Works Better in 2026?",business_structures,comparison,P2,32,medium,medium,pending
215,"how-to-get-operating-agreement-for-llc","how to get operating agreement for llc","How To Get Operating Agreement For Llc: Complete 2026 Guide",business_structures,informational,P2,32,low,medium,pending
216,"how-to-create-operating-agreement-for-llc","how to create operating agreement for llc","How To Create Operating Agreement For Llc: Complete 2026 Guide",business_structures,informational,P2,32,low,medium,pending
217,"how-to-find-operating-agreement-for-llc","how to find operating agreement for llc","How To Find Operating Agreement For Llc: Complete 2026 Guide",business_structures,informational,P2,32,low,medium,pending
218,"how-to-write-operating-agreement-for-llc","how to write operating agreement for llc","How To Write Operating Agreement For Llc: Complete 2026 Guide",business_structures,informational,P2,32,low,medium,pending
219,"best-state-for-series-llc","best state for series llc","Best State For Series Llc: Complete 2026 Guide",business_structures,commercial,P2,32,medium,medium,pending
220,"best-bank-for-series-llc","best bank for series llc","Best Bank For Series Llc: Complete 2026 Guide",business_structures,commercial,P2,32,medium,medium,pending
221,"series-llc-vs-standard-llc","series llc vs standard llc","Series Llc vs Standard Llc: Which Strategy Works Better in 2026?",business_structures,comparison,P2,32,medium,medium,pending
222,"operating-agreement-llc-template","operating agreement llc template","Operating Agreement Llc Template: Practical Guide + Examples",business_structures,commercial,P2,32,medium,medium,pending
223,"operating-agreement-for-single-member-llc","operating agreement for single member llc","Operating Agreement For Single Member Llc: Complete 2026 Guide",business_structures,informational,P2,32,low,medium,pending
224,"operating-agreement-llc-texas-template","operating agreement llc texas template","Operating Agreement Llc Texas Template: Practical Guide + Examples",business_structures,commercial,P2,32,medium,medium,pending
225,"best-llc-operating-agreement-template","best llc operating agreement template","Best Llc Operating Agreement Template: Practical Guide + Examples",business_structures,commercial,P2,32,medium,medium,pending
226,"registered-agent-for-llc-in-texas","registered agent for llc in texas","Registered Agent For Llc In Texas: Complete 2026 Guide",business_structures,informational,P2,32,low,medium,pending
227,"best-registered-agent-for-llc","best registered agent for llc","Best Registered Agent For Llc: Complete 2026 Guide",business_structures,commercial,P2,32,medium,medium,pending
228,"best-registered-agent-service-for-llc","best registered agent service for llc","Best Registered Agent Service For Llc: Complete 2026 Guide",business_structures,commercial,P2,32,low,medium,pending
229,"registered-agent-for-llc","registered agent for llc","Registered Agent For Llc: Complete 2026 Guide",business_structures,informational,P2,32,medium,medium,pending
230,"how-to-change-registered-agent-for-llc","how to change registered agent for llc","How To Change Registered Agent For Llc: Complete 2026 Guide",business_structures,informational,P2,32,low,medium,pending
231,"how-to-find-registered-agent-for-llc","how to find registered agent for llc","How To Find Registered Agent For Llc: Complete 2026 Guide",business_structures,informational,P2,32,low,medium,pending
232,"s-corp-election-for-freelancers","s corp election for freelancers","S Corp Election For Freelancers: Complete 2026 Guide",business_structures,informational,P2,32,medium,medium,pending
233,"s-corp-election-for-agency-owners","s corp election for agency owners","S Corp Election For Agency Owners: Complete 2026 Guide",business_structures,informational,P2,32,low,medium,pending
234,"s-corp-election-for-ecommerce-founders","s corp election for ecommerce founders","S Corp Election For Ecommerce Founders: Complete 2026 Guide",business_structures,informational,P2,32,low,medium,pending
235,"s-corp-election-for-real-estate-operators","s corp election for real estate operators","S Corp Election For Real Estate Operators: Complete 2026 Guide",business_structures,informational,P2,32,low,medium,pending
236,"s-corp-election-for-service-businesses","s corp election for service businesses","S Corp Election For Service Businesses: Complete 2026 Guide",business_structures,informational,P2,32,low,medium,pending
237,"s-corp-election-for-consultants","s corp election for consultants","S Corp Election For Consultants: Complete 2026 Guide",business_structures,informational,P2,32,medium,medium,pending
238,"s-corp-election-vs-sole-proprietorship","s corp election vs sole proprietorship","S Corp Election vs Sole Proprietorship: Which Strategy Works Better in 2026?",business_structures,comparison,P2,32,low,medium,pending
239,"s-corp-election-vs-partnership","s corp election vs partnership","S Corp Election vs Partnership: Which Strategy Works Better in 2026?",business_structures,comparison,P2,32,medium,medium,pending
240,"s-corp-election-vs-c-corp","s corp election vs c corp","S Corp Election vs C Corp: Which Strategy Works Better in 2026?",business_structures,comparison,P2,32,low,medium,pending
241,"s-corp-election-for-beginners","s corp election for beginners","S Corp Election For Beginners: Complete 2026 Guide",business_structures,informational,P2,32,medium,medium,pending
242,"s-corp-election-for-high-earners","s corp election for high earners","S Corp Election For High Earners: Complete 2026 Guide",business_structures,informational,P2,32,low,medium,pending
243,"s-corp-election-for-small-business-owners","s corp election for small business owners","S Corp Election For Small Business Owners: Complete 2026 Guide",business_structures,informational,P2,32,low,medium,pending
244,"s-corp-election-checklist","s corp election checklist","S Corp Election Checklist: Practical Guide + Examples",business_structures,informational,P2,32,medium,medium,pending
245,"s-corp-election-calculator","s corp election calculator","S Corp Election Calculator: Practical Guide + Examples",business_structures,commercial,P2,32,medium,medium,pending
246,"s-corp-election-template","s corp election template","S Corp Election Template: Practical Guide + Examples",business_structures,commercial,P2,32,medium,medium,pending
247,"s-corp-election-best-strategy","s corp election best strategy","S Corp Election Best Strategy: Complete 2026 Guide",business_structures,commercial,P2,32,medium,medium,pending
248,"reasonable-salary-vs-professional-llc","reasonable salary vs professional llc","Reasonable Salary vs Professional Llc: Which Strategy Works Better in 2026?",business_structures,comparison,P2,32,medium,medium,pending
249,"holding-company-vs-professional-llc","holding company vs professional llc","Holding Company vs Professional Llc: Which Strategy Works Better in 2026?",business_structures,comparison,P2,32,medium,medium,pending
250,"series-llc-for-freelancers","series llc for freelancers","Series Llc For Freelancers: Complete 2026 Guide",business_structures,informational,P2,32,medium,medium,pending
251,"series-llc-for-agency-owners","series llc for agency owners","Series Llc For Agency Owners: Complete 2026 Guide",business_structures,informational,P2,32,medium,medium,pending
252,"series-llc-for-ecommerce-founders","series llc for ecommerce founders","Series Llc For Ecommerce Founders: Complete 2026 Guide",business_structures,informational,P2,32,medium,medium,pending
253,"series-llc-for-real-estate-operators","series llc for real estate operators","Series Llc For Real Estate Operators: Complete 2026 Guide",business_structures,informational,P2,32,low,medium,pending
254,"series-llc-for-service-businesses","series llc for service businesses","Series Llc For Service Businesses: Complete 2026 Guide",business_structures,informational,P2,32,medium,medium,pending
255,"series-llc-for-consultants","series llc for consultants","Series Llc For Consultants: Complete 2026 Guide",business_structures,informational,P2,32,medium,medium,pending
256,"series-llc-vs-sole-proprietorship","series llc vs sole proprietorship","Series Llc vs Sole Proprietorship: Which Strategy Works Better in 2026?",business_structures,comparison,P2,32,medium,medium,pending
257,"series-llc-vs-partnership","series llc vs partnership","Series Llc vs Partnership: Which Strategy Works Better in 2026?",business_structures,comparison,P2,32,medium,medium,pending
258,"series-llc-vs-c-corp","series llc vs c corp","Series Llc vs C Corp: Which Strategy Works Better in 2026?",business_structures,comparison,P2,32,medium,medium,pending
259,"series-llc-vs-professional-llc","series llc vs professional llc","Series Llc vs Professional Llc: Which Strategy Works Better in 2026?",business_structures,comparison,P2,32,medium,medium,pending
260,"series-llc-vs-trust-structure","series llc vs trust structure","Series Llc vs Trust Structure: Which Strategy Works Better in 2026?",business_structures,comparison,P2,32,medium,medium,pending
261,"series-llc-for-beginners","series llc for beginners","Series Llc For Beginners: Complete 2026 Guide",business_structures,informational,P2,32,medium,medium,pending
262,"series-llc-for-high-earners","series llc for high earners","Series Llc For High Earners: Complete 2026 Guide",business_structures,informational,P2,32,medium,medium,pending
263,"series-llc-for-small-business-owners","series llc for small business owners","Series Llc For Small Business Owners: Complete 2026 Guide",business_structures,informational,P2,32,low,medium,pending
264,"series-llc-best-strategy","series llc best strategy","Series Llc Best Strategy: Complete 2026 Guide",business_structures,commercial,P2,32,medium,medium,pending
265,"operating-agreement-vs-professional-llc","operating agreement vs professional llc","Operating Agreement vs Professional Llc: Which Strategy Works Better in 2026?",business_structures,comparison,P2,32,medium,medium,pending
266,"registered-agent-vs-professional-llc","registered agent vs professional llc","Registered Agent vs Professional Llc: Which Strategy Works Better in 2026?",business_structures,comparison,P2,32,medium,medium,pending
267,"business-succession-planning-vs-professional-llc","business succession planning vs professional llc","Business Succession Planning vs Professional Llc: Which Strategy Works Better in 2026?",business_structures,comparison,P2,32,low,medium,pending
268,"corporate-veil-vs-professional-llc","corporate veil vs professional llc","Corporate Veil vs Professional Llc: Which Strategy Works Better in 2026?",business_structures,comparison,P2,32,medium,medium,pending
269,"multi-state-llc-for-freelancers","multi state llc for freelancers","Multi State Llc For Freelancers: Complete 2026 Guide",business_structures,informational,P2,32,medium,medium,pending
270,"multi-state-llc-for-agency-owners","multi state llc for agency owners","Multi State Llc For Agency Owners: Complete 2026 Guide",business_structures,informational,P2,32,low,medium,pending
271,"multi-state-llc-for-ecommerce-founders","multi state llc for ecommerce founders","Multi State Llc For Ecommerce Founders: Complete 2026 Guide",business_structures,informational,P2,32,low,medium,pending
272,"multi-state-llc-for-real-estate-operators","multi state llc for real estate operators","Multi State Llc For Real Estate Operators: Complete 2026 Guide",business_structures,informational,P2,32,low,medium,pending
273,"multi-state-llc-for-service-businesses","multi state llc for service businesses","Multi State Llc For Service Businesses: Complete 2026 Guide",business_structures,informational,P2,32,low,medium,pending
274,"multi-state-llc-for-consultants","multi state llc for consultants","Multi State Llc For Consultants: Complete 2026 Guide",business_structures,informational,P2,32,medium,medium,pending
275,"multi-state-llc-vs-sole-proprietorship","multi state llc vs sole proprietorship","Multi State Llc vs Sole Proprietorship: Which Strategy Works Better in 2026?",business_structures,comparison,P2,32,low,medium,pending
276,"multi-state-llc-vs-partnership","multi state llc vs partnership","Multi State Llc vs Partnership: Which Strategy Works Better in 2026?",business_structures,comparison,P2,32,medium,medium,pending
277,"multi-state-llc-vs-c-corp","multi state llc vs c corp","Multi State Llc vs C Corp: Which Strategy Works Better in 2026?",business_structures,comparison,P2,32,low,medium,pending
278,"multi-state-llc-vs-professional-llc","multi state llc vs professional llc","Multi State Llc vs Professional Llc: Which Strategy Works Better in 2026?",business_structures,comparison,P2,32,low,medium,pending
279,"multi-state-llc-for-beginners","multi state llc for beginners","Multi State Llc For Beginners: Complete 2026 Guide",business_structures,informational,P2,32,medium,medium,pending
280,"multi-state-llc-for-high-earners","multi state llc for high earners","Multi State Llc For High Earners: Complete 2026 Guide",business_structures,informational,P2,32,low,medium,pending
281,"multi-state-llc-for-small-business-owners","multi state llc for small business owners","Multi State Llc For Small Business Owners: Complete 2026 Guide",business_structures,informational,P2,32,low,medium,pending
282,"multi-state-llc-checklist","multi state llc checklist","Multi State Llc Checklist: Practical Guide + Examples",business_structures,informational,P2,32,medium,medium,pending
283,"multi-state-llc-calculator","multi state llc calculator","Multi State Llc Calculator: Practical Guide + Examples",business_structures,commercial,P2,32,medium,medium,pending
284,"multi-state-llc-template","multi state llc template","Multi State Llc Template: Practical Guide + Examples",business_structures,commercial,P2,32,medium,medium,pending
285,"multi-state-llc-best-strategy","multi state llc best strategy","Multi State Llc Best Strategy: Complete 2026 Guide",business_structures,commercial,P2,32,medium,medium,pending
286,"tax-planning-to-and-through-early-retirement","tax planning to and through early retirement","Tax Planning To And Through Early Retirement: Complete 2026 Guide",tax_strategies,informational,P2,30,low,medium,pending
287,"retirement-income-planning-llc","retirement income planning llc","Retirement Income Planning Llc: Complete 2026 Guide",retirement,informational,P2,30,medium,medium,pending
288,"retirement-income-plan-tax-implications","retirement income plan tax implications","Retirement Income Plan Tax Implications: Complete 2026 Guide",retirement,informational,P2,30,medium,medium,pending
289,"tax-strategy-checklist","tax strategy checklist","Tax Strategy Checklist: Practical Guide + Examples",tax_strategies,informational,P3,29,high,low,pending
290,"tax-strategy-calculator","tax strategy calculator","Tax Strategy Calculator: Practical Guide + Examples",tax_strategies,commercial,P3,29,high,low,pending
291,"best-asset-allocation-for-retirement","best asset allocation for retirement","Best Asset Allocation For Retirement: Complete 2026 Guide",investing,commercial,P3,29,medium,low,pending
292,"etf-vs-mutual-fund-taxes","etf vs mutual fund taxes","Etf vs Mutual Fund Taxes: Which Strategy Works Better in 2026?",investing,comparison,P3,29,medium,low,pending
293,"etf-vs-mutual-fund-tax-efficiency","etf vs mutual fund tax efficiency","Etf vs Mutual Fund Tax Efficiency: Which Strategy Works Better in 2026?",investing,comparison,P3,29,low,low,pending
294,"etf-vs-mutual-fund-in-taxable-account","etf vs mutual fund in taxable account","Etf vs Mutual Fund In Taxable Account: Which Strategy Works Better in 2026?",investing,comparison,P3,29,low,low,pending
295,"asset-allocation-tax-implications","asset allocation tax implications","Asset Allocation Tax Implications: Complete 2026 Guide",investing,informational,P3,29,medium,low,pending
296,"etf-vs-mutual-fund-tax-implications","etf vs mutual fund tax implications","Etf vs Mutual Fund Tax Implications: Which Strategy Works Better in 2026?",investing,comparison,P3,29,low,low,pending
297,"tax-loss-harvesting-for-beginners","tax loss harvesting for beginners","Tax Loss Harvesting For Beginners: Complete 2026 Guide",investing,informational,P3,29,medium,low,pending
298,"tax-loss-harvesting-for-high-earners","tax loss harvesting for high earners","Tax Loss Harvesting For High Earners: Complete 2026 Guide",investing,informational,P3,29,low,low,pending
299,"tax-loss-harvesting-for-busy-professionals","tax loss harvesting for busy professionals","Tax Loss Harvesting For Busy Professionals: Complete 2026 Guide",investing,informational,P3,29,low,low,pending
300,"tax-loss-harvesting-for-parents","tax loss harvesting for parents","Tax Loss Harvesting For Parents: Complete 2026 Guide",investing,informational,P3,29,medium,low,pending
301,"tax-loss-harvesting-for-late-starters","tax loss harvesting for late starters","Tax Loss Harvesting For Late Starters: Complete 2026 Guide",investing,informational,P3,29,low,low,pending
302,"tax-loss-harvesting-for-entrepreneurs","tax loss harvesting for entrepreneurs","Tax Loss Harvesting For Entrepreneurs: Complete 2026 Guide",investing,informational,P3,29,medium,low,pending
303,"tax-loss-harvesting-vs-target-date-funds","tax loss harvesting vs target date funds","Tax Loss Harvesting vs Target Date Funds: Which Strategy Works Better in 2026?",investing,comparison,P3,29,low,low,pending
304,"tax-loss-harvesting-vs-robo-advisors","tax loss harvesting vs robo advisors","Tax Loss Harvesting vs Robo Advisors: Which Strategy Works Better in 2026?",investing,comparison,P3,29,low,low,pending
305,"tax-loss-harvesting-vs-active-funds","tax loss harvesting vs active funds","Tax Loss Harvesting vs Active Funds: Which Strategy Works Better in 2026?",investing,comparison,P3,29,low,low,pending
306,"tax-loss-harvesting-vs-real-estate-syndication","tax loss harvesting vs real estate syndication","Tax Loss Harvesting vs Real Estate Syndication: Which Strategy Works Better in 2026?",investing,comparison,P3,29,low,low,pending
307,"tax-loss-harvesting-for-small-business-owners","tax loss harvesting for small business owners","Tax Loss Harvesting For Small Business Owners: Complete 2026 Guide",investing,informational,P3,29,low,low,pending
308,"tax-loss-harvesting-checklist","tax loss harvesting checklist","Tax Loss Harvesting Checklist: Practical Guide + Examples",investing,informational,P3,29,medium,low,pending
309,"tax-loss-harvesting-calculator","tax loss harvesting calculator","Tax Loss Harvesting Calculator: Practical Guide + Examples",investing,commercial,P3,29,medium,low,pending
310,"tax-loss-harvesting-template","tax loss harvesting template","Tax Loss Harvesting Template: Practical Guide + Examples",investing,commercial,P3,29,medium,low,pending
311,"tax-loss-harvesting-best-strategy","tax loss harvesting best strategy","Tax Loss Harvesting Best Strategy: Complete 2026 Guide",investing,commercial,P3,29,medium,low,pending
312,"debt-avalanche-vs-snowball-calculator","debt avalanche vs snowball calculator","Debt Avalanche vs Snowball Calculator: Which Strategy Works Better in 2026?",debt_management,comparison,P3,29,medium,low,pending
313,"student-loan-payoff-calculator","student loan payoff calculator","Student Loan Payoff Calculator: Practical Guide + Examples",debt_management,commercial,P3,29,medium,low,pending
314,"student-loan-payoff-calculator-with-extra-payments","student loan payoff calculator with extra payments","Student Loan Payoff Calculator With Extra Payments: Practical Guide + Examples",debt_management,commercial,P3,29,low,low,pending
315,"student-loan-payoff-date-calculator","student loan payoff date calculator","Student Loan Payoff Date Calculator: Practical Guide + Examples",debt_management,commercial,P3,29,medium,low,pending
316,"student-loan-payoff-calculator-multiple-loans","student loan payoff calculator multiple loans","Student Loan Payoff Calculator Multiple Loans: Practical Guide + Examples",debt_management,commercial,P3,29,low,low,pending
317,"student-loan-payoff-early-calculator","student loan payoff early calculator","Student Loan Payoff Early Calculator: Practical Guide + Examples",debt_management,commercial,P3,29,medium,low,pending
318,"student-loan-payoff-strategy","student loan payoff strategy","Student Loan Payoff Strategy: Complete 2026 Guide",debt_management,informational,P3,29,medium,low,pending
319,"student-loan-payoff-calculator-bankrate","student loan payoff calculator bankrate","Student Loan Payoff Calculator Bankrate: Practical Guide + Examples",debt_management,commercial,P3,29,medium,low,pending
320,"debt-to-income-ratio-calculator-for-mortgage","debt to income ratio calculator for mortgage","Debt To Income Ratio Calculator For Mortgage: Practical Guide + Examples",debt_management,commercial,P3,29,low,low,pending
321,"best-student-loan-payoff-strategy","best student loan payoff strategy","Best Student Loan Payoff Strategy: Complete 2026 Guide",debt_management,commercial,P3,29,medium,low,pending
322,"personal-loan-vs-credit-card-for-debt-consolidation","personal loan vs credit card for debt consolidation","Personal Loan vs Credit Card For Debt Consolidation: Which Strategy Works Better in 2026?",debt_management,comparison,P3,29,low,low,pending
323,"personal-loan-vs-credit-card-debt-calculator","personal loan vs credit card debt calculator","Personal Loan vs Credit Card Debt Calculator: Which Strategy Works Better in 2026?",debt_management,comparison,P3,29,low,low,pending
324,"heloc-strategy-for-high-earners-with-lifestyle-debt","heloc strategy for high earners with lifestyle debt","Heloc Strategy For High Earners With Lifestyle Debt: Complete 2026 Guide",debt_management,informational,P3,29,low,low,pending
325,"heloc-strategy-vs-cash-flow-budgeting","heloc strategy vs cash flow budgeting","Heloc Strategy vs Cash Flow Budgeting: Which Strategy Works Better in 2026?",debt_management,comparison,P3,29,low,low,pending
326,"heloc-strategy-tax-implications","heloc strategy tax implications","Heloc Strategy Tax Implications: Complete 2026 Guide",debt_management,informational,P3,29,medium,low,pending
327,"student-loan-payoff-for-new-graduates","student loan payoff for new graduates","Student Loan Payoff For New Graduates: Complete 2026 Guide",debt_management,informational,P3,29,low,low,pending
328,"student-loan-payoff-for-families","student loan payoff for families","Student Loan Payoff For Families: Complete 2026 Guide",debt_management,informational,P3,29,medium,low,pending
329,"student-loan-payoff-for-small-business-owners","student loan payoff for small business owners","Student Loan Payoff For Small Business Owners: Complete 2026 Guide",debt_management,informational,P3,29,low,low,pending
330,"student-loan-payoff-for-w2-professionals","student loan payoff for w2 professionals","Student Loan Payoff For W2 Professionals: Complete 2026 Guide",debt_management,informational,P3,29,low,low,pending
331,"student-loan-payoff-for-self-employed","student loan payoff for self employed","Student Loan Payoff For Self Employed: Complete 2026 Guide",debt_management,informational,P3,29,low,low,pending
332,"student-loan-payoff-vs-refinance","student loan payoff vs refinance","Student Loan Payoff vs Refinance: Which Strategy Works Better in 2026?",debt_management,comparison,P3,29,medium,low,pending
333,"student-loan-payoff-vs-forbearance","student loan payoff vs forbearance","Student Loan Payoff vs Forbearance: Which Strategy Works Better in 2026?",debt_management,comparison,P3,29,medium,low,pending
334,"student-loan-payoff-vs-negotiated-settlements","student loan payoff vs negotiated settlements","Student Loan Payoff vs Negotiated Settlements: Which Strategy Works Better in 2026?",debt_management,comparison,P3,29,low,low,pending
335,"student-loan-payoff-for-beginners","student loan payoff for beginners","Student Loan Payoff For Beginners: Complete 2026 Guide",debt_management,informational,P3,29,medium,low,pending
336,"student-loan-payoff-for-high-earners","student loan payoff for high earners","Student Loan Payoff For High Earners: Complete 2026 Guide",debt_management,informational,P3,29,low,low,pending
337,"personal-loan-vs-credit-card-tax-implications","personal loan vs credit card tax implications","Personal Loan vs Credit Card Tax Implications: Which Strategy Works Better in 2026?",debt_management,comparison,P3,29,low,low,pending
338,"capital-gains-tax-rate-2026","capital gains tax rate 2026","Capital Gains Tax Rate 2026: Complete 2026 Guide",tax_strategies,informational,P3,28,medium,low,pending
339,"estate-tax-planning-2026","estate tax planning 2026","Estate Tax Planning 2026: Complete 2026 Guide",tax_strategies,informational,P3,28,medium,low,pending
340,"capital-gains-tax-2026","capital gains tax 2026","Capital Gains Tax 2026: Complete 2026 Guide",tax_strategies,informational,P3,28,medium,low,pending
341,"s-corp-election-2026","s corp election 2026","S Corp Election 2026: Complete 2026 Guide",business_structures,informational,P3,28,medium,low,pending
342,"multi-state-llc-2026","multi state llc 2026","Multi State Llc 2026: Complete 2026 Guide",business_structures,informational,P3,28,medium,low,pending
343,"best-roth-conversion-strategy-calculator","best roth conversion strategy calculator","Best Roth Conversion Strategy Calculator: Practical Guide + Examples",tax_strategies,commercial,P3,27,medium,low,pending
344,"hsa-strategy-for-high-earners","hsa strategy for high earners","Hsa Strategy For High Earners: Complete 2026 Guide",tax_strategies,informational,P3,27,medium,low,pending
345,"hsa-strategy-for-small-business-owners","hsa strategy for small business owners","Hsa Strategy For Small Business Owners: Complete 2026 Guide",tax_strategies,informational,P3,27,low,low,pending
346,"hsa-strategy-for-real-estate-investors","hsa strategy for real estate investors","Hsa Strategy For Real Estate Investors: Complete 2026 Guide",tax_strategies,informational,P3,27,low,low,pending
347,"hsa-strategy-for-self-employed-professionals","hsa strategy for self employed professionals","Hsa Strategy For Self Employed Professionals: Complete 2026 Guide",tax_strategies,informational,P3,27,low,low,pending
348,"hsa-strategy-for-physicians","hsa strategy for physicians","Hsa Strategy For Physicians: Complete 2026 Guide",tax_strategies,informational,P3,27,medium,low,pending
349,"hsa-strategy-for-consultants","hsa strategy for consultants","Hsa Strategy For Consultants: Complete 2026 Guide",tax_strategies,informational,P3,27,medium,low,pending
350,"hsa-strategy-vs-entity-restructuring","hsa strategy vs entity restructuring","Hsa Strategy vs Entity Restructuring: Which Strategy Works Better in 2026?",tax_strategies,comparison,P3,27,medium,low,pending
351,"hsa-strategy-vs-charitable-planning","hsa strategy vs charitable planning","Hsa Strategy vs Charitable Planning: Which Strategy Works Better in 2026?",tax_strategies,comparison,P3,27,medium,low,pending
352,"hsa-strategy-for-beginners","hsa strategy for beginners","Hsa Strategy For Beginners: Complete 2026 Guide",tax_strategies,informational,P3,27,medium,low,pending
353,"best-401k-strategy-for-2025","best 401k strategy for 2025","Best 401k Strategy For 2025: Complete 2026 Guide",retirement,commercial,P3,27,medium,low,pending
354,"best-ira-withdrawal-strategy","best ira withdrawal strategy","Best Ira Withdrawal Strategy: Complete 2026 Guide",retirement,commercial,P3,27,medium,low,pending
355,"ira-strategy-for-high-income","ira strategy for high income","Ira Strategy For High Income: Complete 2026 Guide",retirement,informational,P3,27,medium,low,pending
356,"401k-strategy-for-2025","401k strategy for 2025","401k Strategy For 2025: Complete 2026 Guide",retirement,informational,P3,27,medium,low,pending
357,"401k-strategy-for-recession","401k strategy for recession","401k Strategy For Recession: Complete 2026 Guide",retirement,informational,P3,27,medium,low,pending
358,"social-security-claiming-strategy-calculator","social security claiming strategy calculator","Social Security Claiming Strategy Calculator: Practical Guide + Examples",retirement,commercial,P3,27,medium,low,pending
359,"social-security-claiming-strategies-for-married-couples-calculator","social security claiming strategies for married couples calculator","Social Security Claiming Strategies For Married Couples Calculator: Practical Guide + Examples",retirement,commercial,P3,27,low,low,pending
360,"annuity-vs-bond-calculator","annuity vs bond calculator","Annuity vs Bond Calculator: Which Strategy Works Better in 2026?",retirement,comparison,P3,27,medium,low,pending
361,"401k-strategy-for-pre-retirees","401k strategy for pre retirees","401k Strategy For Pre Retirees: Complete 2026 Guide",retirement,informational,P3,27,medium,low,pending
362,"401k-strategy-for-early-retirees","401k strategy for early retirees","401k Strategy For Early Retirees: Complete 2026 Guide",retirement,informational,P3,27,medium,low,pending
363,"401k-strategy-for-government-employees","401k strategy for government employees","401k Strategy For Government Employees: Complete 2026 Guide",retirement,informational,P3,27,medium,low,pending
364,"401k-strategy-for-self-employed","401k strategy for self employed","401k Strategy For Self Employed: Complete 2026 Guide",retirement,informational,P3,27,medium,low,pending
365,"401k-strategy-for-married-couples","401k strategy for married couples","401k Strategy For Married Couples: Complete 2026 Guide",retirement,informational,P3,27,medium,low,pending
366,"401k-strategy-for-high-income-families","401k strategy for high income families","401k Strategy For High Income Families: Complete 2026 Guide",retirement,informational,P3,27,low,low,pending
367,"401k-strategy-vs-pension-options","401k strategy vs pension options","401k Strategy vs Pension Options: Which Strategy Works Better in 2026?",retirement,comparison,P3,27,medium,low,pending
368,"401k-strategy-vs-cash-bucket-strategy","401k strategy vs cash bucket strategy","401k Strategy vs Cash Bucket Strategy: Which Strategy Works Better in 2026?",retirement,comparison,P3,27,low,low,pending
369,"401k-strategy-vs-bond-ladders","401k strategy vs bond ladders","401k Strategy vs Bond Ladders: Which Strategy Works Better in 2026?",retirement,comparison,P3,27,medium,low,pending
370,"401k-strategy-for-beginners","401k strategy for beginners","401k Strategy For Beginners: Complete 2026 Guide",retirement,informational,P3,27,medium,low,pending
371,"401k-strategy-for-high-earners","401k strategy for high earners","401k Strategy For High Earners: Complete 2026 Guide",retirement,informational,P3,27,medium,low,pending
372,"401k-strategy-for-small-business-owners","401k strategy for small business owners","401k Strategy For Small Business Owners: Complete 2026 Guide",retirement,informational,P3,27,low,low,pending
373,"ira-strategy-for-pre-retirees","ira strategy for pre retirees","Ira Strategy For Pre Retirees: Complete 2026 Guide",retirement,informational,P3,27,medium,low,pending
374,"ira-strategy-for-early-retirees","ira strategy for early retirees","Ira Strategy For Early Retirees: Complete 2026 Guide",retirement,informational,P3,27,medium,low,pending
375,"ira-strategy-for-government-employees","ira strategy for government employees","Ira Strategy For Government Employees: Complete 2026 Guide",retirement,informational,P3,27,medium,low,pending
376,"ira-strategy-for-self-employed","ira strategy for self employed","Ira Strategy For Self Employed: Complete 2026 Guide",retirement,informational,P3,27,medium,low,pending
377,"ira-strategy-for-married-couples","ira strategy for married couples","Ira Strategy For Married Couples: Complete 2026 Guide",retirement,informational,P3,27,medium,low,pending
378,"ira-strategy-for-high-income-families","ira strategy for high income families","Ira Strategy For High Income Families: Complete 2026 Guide",retirement,informational,P3,27,low,low,pending
379,"ira-strategy-vs-pension-options","ira strategy vs pension options","Ira Strategy vs Pension Options: Which Strategy Works Better in 2026?",retirement,comparison,P3,27,medium,low,pending
380,"ira-strategy-vs-cash-bucket-strategy","ira strategy vs cash bucket strategy","Ira Strategy vs Cash Bucket Strategy: Which Strategy Works Better in 2026?",retirement,comparison,P3,27,low,low,pending
381,"ira-strategy-vs-bond-ladders","ira strategy vs bond ladders","Ira Strategy vs Bond Ladders: Which Strategy Works Better in 2026?",retirement,comparison,P3,27,medium,low,pending
382,"ira-strategy-for-beginners","ira strategy for beginners","Ira Strategy For Beginners: Complete 2026 Guide",retirement,informational,P3,27,medium,low,pending
383,"ira-strategy-for-high-earners","ira strategy for high earners","Ira Strategy For High Earners: Complete 2026 Guide",retirement,informational,P3,27,medium,low,pending
384,"ira-strategy-for-small-business-owners","ira strategy for small business owners","Ira Strategy For Small Business Owners: Complete 2026 Guide",retirement,informational,P3,27,low,low,pending
385,"roth-ira-vs-cash-bucket-strategy","roth ira vs cash bucket strategy","Roth Ira vs Cash Bucket Strategy: Which Strategy Works Better in 2026?",retirement,comparison,P3,27,low,low,pending
386,"backdoor-roth-vs-cash-bucket-strategy","backdoor roth vs cash bucket strategy","Backdoor Roth vs Cash Bucket Strategy: Which Strategy Works Better in 2026?",retirement,comparison,P3,27,low,low,pending
387,"required-minimum-distributions-vs-cash-bucket-strategy","required minimum distributions vs cash bucket strategy","Required Minimum Distributions vs Cash Bucket Strategy: Which Strategy Works Better in 2026?",retirement,comparison,P3,27,low,low,pending
388,"social-security-claiming-vs-cash-bucket-strategy","social security claiming vs cash bucket strategy","Social Security Claiming vs Cash Bucket Strategy: Which Strategy Works Better in 2026?",retirement,comparison,P3,27,low,low,pending
389,"sequence-of-returns-risk-vs-cash-bucket-strategy","sequence of returns risk vs cash bucket strategy","Sequence Of Returns Risk vs Cash Bucket Strategy: Which Strategy Works Better in 2026?",retirement,comparison,P3,27,low,low,pending
390,"annuities-vs-bonds-for-pre-retirees","annuities vs bonds for pre retirees","Annuities vs Bonds For Pre Retirees: Which Strategy Works Better in 2026?",retirement,comparison,P3,27,low,low,pending
391,"annuities-vs-bonds-for-early-retirees","annuities vs bonds for early retirees","Annuities vs Bonds For Early Retirees: Which Strategy Works Better in 2026?",retirement,comparison,P3,27,low,low,pending
392,"annuities-vs-bonds-for-government-employees","annuities vs bonds for government employees","Annuities vs Bonds For Government Employees: Which Strategy Works Better in 2026?",retirement,comparison,P3,27,low,low,pending
393,"annuities-vs-bonds-for-self-employed","annuities vs bonds for self employed","Annuities vs Bonds For Self Employed: Which Strategy Works Better in 2026?",retirement,comparison,P3,27,low,low,pending
394,"annuities-vs-bonds-for-married-couples","annuities vs bonds for married couples","Annuities vs Bonds For Married Couples: Which Strategy Works Better in 2026?",retirement,comparison,P3,27,low,low,pending
395,"annuities-vs-bonds-for-high-income-families","annuities vs bonds for high income families","Annuities vs Bonds For High Income Families: Which Strategy Works Better in 2026?",retirement,comparison,P3,27,low,low,pending
396,"annuities-vs-bonds-vs-cash-bucket-strategy","annuities vs bonds vs cash bucket strategy","Annuities vs Bonds: Which Strategy Works Better in 2026?",retirement,comparison,P3,27,low,low,pending
397,"annuities-vs-bonds-for-beginners","annuities vs bonds for beginners","Annuities vs Bonds For Beginners: Which Strategy Works Better in 2026?",retirement,comparison,P3,27,medium,low,pending
398,"annuities-vs-bonds-for-high-earners","annuities vs bonds for high earners","Annuities vs Bonds For High Earners: Which Strategy Works Better in 2026?",retirement,comparison,P3,27,low,low,pending
399,"annuities-vs-bonds-for-small-business-owners","annuities vs bonds for small business owners","Annuities vs Bonds For Small Business Owners: Which Strategy Works Better in 2026?",retirement,comparison,P3,27,low,low,pending
400,"annuities-vs-bonds-checklist","annuities vs bonds checklist","Annuities vs Bonds Checklist: Which Strategy Works Better in 2026?",retirement,comparison,P3,27,medium,low,pending
401,"annuities-vs-bonds-calculator","annuities vs bonds calculator","Annuities vs Bonds Calculator: Which Strategy Works Better in 2026?",retirement,comparison,P3,27,medium,low,pending
402,"annuities-vs-bonds-template","annuities vs bonds template","Annuities vs Bonds Template: Which Strategy Works Better in 2026?",retirement,comparison,P3,27,medium,low,pending
403,"annuities-vs-bonds-best-strategy","annuities vs bonds best strategy","Annuities vs Bonds Best Strategy: Which Strategy Works Better in 2026?",retirement,comparison,P3,27,medium,low,pending
404,"should-i-start-an-llc-or-an-s-corp","should i start an llc or an s corp","Should I Start An Llc Or An S Corp: Complete 2026 Guide",business_structures,informational,P3,27,low,low,pending
405,"index-fund-investing-tax-implications","index fund investing tax implications","Index Fund Investing Tax Implications: Complete 2026 Guide",investing,informational,P3,27,medium,low,pending
406,"dividend-growth-investing-tax-implications","dividend growth investing tax implications","Dividend Growth Investing Tax Implications: Complete 2026 Guide",investing,informational,P3,27,medium,low,pending
407,"value-investing-tax-implications","value investing tax implications","Value Investing Tax Implications: Complete 2026 Guide",investing,informational,P3,27,medium,low,pending
408,"debt-payoff-avalanche-method","debt payoff avalanche method","Debt Payoff Avalanche Method: Complete 2026 Guide",debt_management,informational,P3,27,medium,low,pending
409,"how-does-the-debt-snowball-payoff-work","how does the debt snowball payoff work","How Does The Debt Snowball Payoff Work: Complete 2026 Guide",debt_management,informational,P3,27,low,low,pending
410,"debt-avalanche-vs-cash-flow-budgeting","debt avalanche vs cash flow budgeting","Debt Avalanche vs Cash Flow Budgeting: Which Strategy Works Better in 2026?",debt_management,comparison,P3,27,low,low,pending
411,"debt-avalanche-tax-implications","debt avalanche tax implications","Debt Avalanche Tax Implications: Complete 2026 Guide",debt_management,informational,P3,27,medium,low,pending
412,"debt-snowball-vs-cash-flow-budgeting","debt snowball vs cash flow budgeting","Debt Snowball vs Cash Flow Budgeting: Which Strategy Works Better in 2026?",debt_management,comparison,P3,27,low,low,pending
413,"debt-snowball-tax-implications","debt snowball tax implications","Debt Snowball Tax Implications: Complete 2026 Guide",debt_management,informational,P3,27,medium,low,pending
414,"debt-consolidation-vs-cash-flow-budgeting","debt consolidation vs cash flow budgeting","Debt Consolidation vs Cash Flow Budgeting: Which Strategy Works Better in 2026?",debt_management,comparison,P3,27,low,low,pending
415,"debt-consolidation-tax-implications","debt consolidation tax implications","Debt Consolidation Tax Implications: Complete 2026 Guide",debt_management,informational,P3,27,medium,low,pending
416,"debt-to-income-ratio-vs-cash-flow-budgeting","debt to income ratio vs cash flow budgeting","Debt To Income Ratio vs Cash Flow Budgeting: Which Strategy Works Better in 2026?",debt_management,comparison,P3,27,low,low,pending
417,"debt-to-income-ratio-tax-implications","debt to income ratio tax implications","Debt To Income Ratio Tax Implications: Complete 2026 Guide",debt_management,informational,P3,27,low,low,pending
418,"rental-property-investing-tax-implications","rental property investing tax implications","Rental Property Investing Tax Implications: Complete 2026 Guide",passive_income,informational,P3,27,medium,low,pending
419,"self-storage-investing-tax-implications","self storage investing tax implications","Self Storage Investing Tax Implications: Complete 2026 Guide",passive_income,informational,P3,27,medium,low,pending
420,"laundromat-investing-tax-implications","laundromat investing tax implications","Laundromat Investing Tax Implications: Complete 2026 Guide",passive_income,informational,P3,27,medium,low,pending
421,"short-term-rental-investing-tax-implications","short term rental investing tax implications","Short Term Rental Investing Tax Implications: Complete 2026 Guide",passive_income,informational,P3,27,low,low,pending
422,"airbnb-cash-flow-vs-notes-investing","airbnb cash flow vs notes investing","Airbnb Cash Flow vs Notes Investing: Which Strategy Works Better in 2026?",passive_income,comparison,P3,27,low,low,pending
423,"airbnb-cash-flow-vs-franchise-investing","airbnb cash flow vs franchise investing","Airbnb Cash Flow vs Franchise Investing: Which Strategy Works Better in 2026?",passive_income,comparison,P3,27,low,low,pending
424,"airbnb-cash-flow-tax-implications","airbnb cash flow tax implications","Airbnb Cash Flow Tax Implications: Complete 2026 Guide",passive_income,informational,P3,27,medium,low,pending
425,"airbnb-taxes-for-guests","airbnb taxes for guests","Airbnb Taxes For Guests: Complete 2026 Guide",airbnb_arbitrage,informational,P3,27,medium,low,pending
426,"how-much-are-airbnb-taxes-for-guests","how much are airbnb taxes for guests","How Much Are Airbnb Taxes For Guests: Complete 2026 Guide",airbnb_arbitrage,informational,P3,27,low,low,pending
427,"airbnb-pricing-strategy-tax-implications","airbnb pricing strategy tax implications","Airbnb Pricing Strategy Tax Implications: Complete 2026 Guide",airbnb_arbitrage,informational,P3,27,medium,low,pending
428,"airbnb-taxes-for-beginners","airbnb taxes for beginners","Airbnb Taxes For Beginners: Complete 2026 Guide",airbnb_arbitrage,informational,P3,27,medium,low,pending
429,"airbnb-taxes-for-full-time-employees","airbnb taxes for full time employees","Airbnb Taxes For Full Time Employees: Complete 2026 Guide",airbnb_arbitrage,informational,P3,27,low,low,pending
430,"airbnb-taxes-for-real-estate-investors","airbnb taxes for real estate investors","Airbnb Taxes For Real Estate Investors: Complete 2026 Guide",airbnb_arbitrage,informational,P3,27,low,low,pending
431,"airbnb-taxes-for-hosts","airbnb taxes for hosts","Airbnb Taxes For Hosts: Complete 2026 Guide",airbnb_arbitrage,informational,P3,27,medium,low,pending
432,"airbnb-taxes-for-side-hustlers","airbnb taxes for side hustlers","Airbnb Taxes For Side Hustlers: Complete 2026 Guide",airbnb_arbitrage,informational,P3,27,medium,low,pending
433,"airbnb-taxes-for-operators","airbnb taxes for operators","Airbnb Taxes For Operators: Complete 2026 Guide",airbnb_arbitrage,informational,P3,27,medium,low,pending
434,"airbnb-taxes-vs-long-term-rentals","airbnb taxes vs long term rentals","Airbnb Taxes vs Long Term Rentals: Which Strategy Works Better in 2026?",airbnb_arbitrage,comparison,P3,27,low,low,pending
435,"airbnb-taxes-vs-mid-term-rentals","airbnb taxes vs mid term rentals","Airbnb Taxes vs Mid Term Rentals: Which Strategy Works Better in 2026?",airbnb_arbitrage,comparison,P3,27,low,low,pending
436,"airbnb-taxes-vs-co-hosting","airbnb taxes vs co hosting","Airbnb Taxes vs Co Hosting: Which Strategy Works Better in 2026?",airbnb_arbitrage,comparison,P3,27,medium,low,pending
437,"airbnb-taxes-vs-property-management","airbnb taxes vs property management","Airbnb Taxes vs Property Management: Which Strategy Works Better in 2026?",airbnb_arbitrage,comparison,P3,27,medium,low,pending
438,"airbnb-occupancy-strategy-tax-implications","airbnb occupancy strategy tax implications","Airbnb Occupancy Strategy Tax Implications: Complete 2026 Guide",airbnb_arbitrage,informational,P3,27,medium,low,pending
439,"is-tax-planning-legal","is tax planning legal","Is Tax Planning Legal: Complete 2026 Guide",tax_strategies,informational,P3,25,medium,low,pending
440,"how-roth-conversions-are-taxed","how roth conversions are taxed","How Roth Conversions Are Taxed: Complete 2026 Guide",tax_strategies,informational,P3,25,medium,low,pending
441,"how-roth-ira-is-taxed","how roth ira is taxed","How Roth Ira Is Taxed: Complete 2026 Guide",tax_strategies,informational,P3,25,medium,low,pending
442,"how-to-learn-tax-planning","how to learn tax planning","How To Learn Tax Planning: Complete 2026 Guide",tax_strategies,informational,P3,25,medium,low,pending
443,"best-tax-planning-software","best tax planning software","Best Tax Planning Software: Complete 2026 Guide",tax_strategies,commercial,P3,25,medium,low,pending
444,"best-tax-planning-books","best tax planning books","Best Tax Planning Books: Complete 2026 Guide",tax_strategies,commercial,P3,25,medium,low,pending
445,"best-tax-planning-strategies","best tax planning strategies","Best Tax Planning Strategies: Complete 2026 Guide",tax_strategies,commercial,P3,25,medium,low,pending
446,"tax-planning-certified-professional","tax planning certified professional","Tax Planning Certified Professional: Complete 2026 Guide",tax_strategies,informational,P3,25,medium,low,pending
447,"qbi-deduction-phase-out-2025","qbi deduction phase out 2025","Qbi Deduction Phase Out 2025: Complete 2026 Guide",tax_strategies,informational,P3,25,medium,low,pending
448,"qbi-deduction-income-limits","qbi deduction income limits","Qbi Deduction Income Limits: Complete 2026 Guide",tax_strategies,informational,P3,25,medium,low,pending
449,"qbi-deduction-income-limits-2025","qbi deduction income limits 2025","Qbi Deduction Income Limits 2025: Complete 2026 Guide",tax_strategies,informational,P3,25,medium,low,pending
450,"how-does-cost-segregation-help-with-taxes","how does cost segregation help with taxes","How Does Cost Segregation Help With Taxes: Complete 2026 Guide",tax_strategies,informational,P3,25,low,low,pending
451,"how-qbi-deduction-works","how qbi deduction works","How Qbi Deduction Works: Complete 2026 Guide",tax_strategies,informational,P3,25,medium,low,pending
452,"how-is-qbi-deduction-calculated","how is qbi deduction calculated","How Is Qbi Deduction Calculated: Complete 2026 Guide",tax_strategies,informational,P3,25,medium,low,pending
453,"how-does-qbi-deduction-work-with-a-loss","how does qbi deduction work with a loss","How Does Qbi Deduction Work With A Loss: Complete 2026 Guide",tax_strategies,informational,P3,25,low,low,pending
454,"how-to-calculate-qbi-deduction-2024","how to calculate qbi deduction 2024","How To Calculate Qbi Deduction 2024: Complete 2026 Guide",tax_strategies,informational,P3,25,low,low,pending
455,"how-to-maximize-qbi-deduction","how to maximize qbi deduction","How To Maximize Qbi Deduction: Complete 2026 Guide",tax_strategies,informational,P3,25,medium,low,pending
456,"how-to-calculate-qbi-deduction-2025","how to calculate qbi deduction 2025","How To Calculate Qbi Deduction 2025: Complete 2026 Guide",tax_strategies,informational,P3,25,low,low,pending
457,"how-to-get-qbi-deduction","how to get qbi deduction","How To Get Qbi Deduction: Complete 2026 Guide",tax_strategies,informational,P3,25,medium,low,pending
458,"how-to-find-qbi-deduction","how to find qbi deduction","How To Find Qbi Deduction: Complete 2026 Guide",tax_strategies,informational,P3,25,medium,low,pending
459,"what-is-inheritance-tax-planning","what is inheritance tax planning","What Is Inheritance Tax Planning: Complete 2026 Guide",tax_strategies,informational,P3,25,medium,low,pending
460,"estate-tax-planning-attorney","estate tax planning attorney","Estate Tax Planning Attorney: Complete 2026 Guide",tax_strategies,informational,P3,25,medium,low,pending
461,"estate-tax-planning-software","estate tax planning software","Estate Tax Planning Software: Complete 2026 Guide",tax_strategies,informational,P3,25,medium,low,pending
462,"estate-tax-planning-strategies","estate tax planning strategies","Estate Tax Planning Strategies: Complete 2026 Guide",tax_strategies,informational,P3,25,medium,low,pending
463,"estate-tax-planning-services","estate tax planning services","Estate Tax Planning Services: Complete 2026 Guide",tax_strategies,informational,P3,25,medium,low,pending
464,"estate-planning-tax-strategies","estate planning tax strategies","Estate Planning Tax Strategies: Complete 2026 Guide",tax_strategies,informational,P3,25,medium,low,pending
465,"capital-gains-tax-rate","capital gains tax rate","Capital Gains Tax Rate: Complete 2026 Guide",tax_strategies,informational,P3,25,medium,low,pending
466,"capital-gains-tax-rate-2025","capital gains tax rate 2025","Capital Gains Tax Rate 2025: Complete 2026 Guide",tax_strategies,informational,P3,25,medium,low,pending
467,"capital-gains-tax-texas","capital gains tax texas","Capital Gains Tax Texas: Complete 2026 Guide",tax_strategies,informational,P3,25,medium,low,pending
468,"capital-gains-tax-brackets","capital gains tax brackets","Capital Gains Tax Brackets: Complete 2026 Guide",tax_strategies,informational,P3,25,medium,low,pending
469,"capital-gains-tax-brackets-2025","capital gains tax brackets 2025","Capital Gains Tax Brackets 2025: Complete 2026 Guide",tax_strategies,informational,P3,25,medium,low,pending
470,"capital-gains-tax-on-real-estate","capital gains tax on real estate","Capital Gains Tax On Real Estate: Complete 2026 Guide",tax_strategies,informational,P3,25,low,low,pending
471,"capital-gains-tax-on-home-sale","capital gains tax on home sale","Capital Gains Tax On Home Sale: Complete 2026 Guide",tax_strategies,informational,P3,25,low,low,pending
472,"how-capital-gains-tax-works","how capital gains tax works","How Capital Gains Tax Works: Complete 2026 Guide",tax_strategies,informational,P3,25,medium,low,pending
473,"how-capital-gains-tax-is-calculated","how capital gains tax is calculated","How Capital Gains Tax Is Calculated: Complete 2026 Guide",tax_strategies,informational,P3,25,low,low,pending
474,"how-capital-gains-tax-works-on-stocks","how capital gains tax works on stocks","How Capital Gains Tax Works On Stocks: Complete 2026 Guide",tax_strategies,informational,P3,25,low,low,pending
475,"how-capital-gains-tax-works-on-property","how capital gains tax works on property","How Capital Gains Tax Works On Property: Complete 2026 Guide",tax_strategies,informational,P3,25,low,low,pending
476,"how-capital-gains-tax-is-calculated-on-property","how capital gains tax is calculated on property","How Capital Gains Tax Is Calculated On Property: Complete 2026 Guide",tax_strategies,informational,P3,25,low,low,pending
477,"best-capital-gains-tax-states","best capital gains tax states","Best Capital Gains Tax States: Complete 2026 Guide",tax_strategies,commercial,P3,25,medium,low,pending
478,"best-capital-gains-tax-countries","best capital gains tax countries","Best Capital Gains Tax Countries: Complete 2026 Guide",tax_strategies,commercial,P3,25,medium,low,pending
479,"best-capital-gains-tax-europe","best capital gains tax europe","Best Capital Gains Tax Europe: Complete 2026 Guide",tax_strategies,commercial,P3,25,medium,low,pending
480,"tax-planning-step-by-step","tax planning step by step","Tax Planning Step By Step: Complete 2026 Guide",tax_strategies,informational,P3,25,medium,low,pending
481,"tax-planning-mistakes-to-avoid","tax planning mistakes to avoid","Tax Planning Mistakes To Avoid: Complete 2026 Guide",tax_strategies,informational,P3,25,medium,low,pending
482,"tax-planning-tax-implications","tax planning tax implications","Tax Planning Tax Implications: Complete 2026 Guide",tax_strategies,informational,P3,25,medium,low,pending
483,"roth-conversion-vs-retirement-contributions","roth conversion vs retirement contributions","Roth Conversion vs Retirement Contributions: Which Strategy Works Better in 2026?",tax_strategies,comparison,P3,25,medium,low,pending
484,"roth-conversion-tax-implications","roth conversion tax implications","Roth Conversion Tax Implications: Complete 2026 Guide",tax_strategies,informational,P3,25,medium,low,pending
485,"qbi-deduction-step-by-step","qbi deduction step by step","Qbi Deduction Step By Step: Complete 2026 Guide",tax_strategies,informational,P3,25,medium,low,pending
486,"qbi-deduction-mistakes-to-avoid","qbi deduction mistakes to avoid","Qbi Deduction Mistakes To Avoid: Complete 2026 Guide",tax_strategies,informational,P3,25,medium,low,pending
487,"qbi-deduction-case-study","qbi deduction case study","Qbi Deduction Case Study: Complete 2026 Guide",tax_strategies,informational,P3,25,medium,low,pending
488,"cost-segregation-vs-retirement-contributions","cost segregation vs retirement contributions","Cost Segregation vs Retirement Contributions: Which Strategy Works Better in 2026?",tax_strategies,comparison,P3,25,medium,low,pending
489,"cost-segregation-tax-implications","cost segregation tax implications","Cost Segregation Tax Implications: Complete 2026 Guide",tax_strategies,informational,P3,25,medium,low,pending
490,"1031-exchange-vs-retirement-contributions","1031 exchange vs retirement contributions","1031 Exchange vs Retirement Contributions: Which Strategy Works Better in 2026?",tax_strategies,comparison,P3,25,medium,low,pending
491,"1031-exchange-tax-implications","1031 exchange tax implications","1031 Exchange Tax Implications: Complete 2026 Guide",tax_strategies,informational,P3,25,medium,low,pending
492,"estate-tax-planning-tax-implications","estate tax planning tax implications","Estate Tax Planning Tax Implications: Complete 2026 Guide",tax_strategies,informational,P3,25,medium,low,pending
493,"estate-tax-planning-case-study","estate tax planning case study","Estate Tax Planning Case Study: Complete 2026 Guide",tax_strategies,informational,P3,25,medium,low,pending
494,"401k-investing-for-beginners","401k investing for beginners","401k Investing For Beginners: Complete 2026 Guide",retirement,informational,P3,25,medium,low,pending
495,"how-roth-ira-taxes-work","how roth ira taxes work","How Roth Ira Taxes Work: Complete 2026 Guide",retirement,informational,P3,25,medium,low,pending
496,"how-roth-ira-contributions-are-taxed","how roth ira contributions are taxed","How Roth Ira Contributions Are Taxed: Complete 2026 Guide",retirement,informational,P3,25,low,low,pending
497,"how-roth-ira-helps-with-taxes","how roth ira helps with taxes","How Roth Ira Helps With Taxes: Complete 2026 Guide",retirement,informational,P3,25,low,low,pending
498,"how-are-required-minimum-distributions-taxed","how are required minimum distributions taxed","How Are Required Minimum Distributions Taxed: Complete 2026 Guide",retirement,informational,P3,25,low,low,pending
499,"best-retirement-income-planning-software-for-advisors","best retirement income planning software for advisors","Best Retirement Income Planning Software For Advisors: Complete 2026 Guide",retirement,commercial,P3,25,low,low,pending
500,"best-advisors-for-retirement-income-planning-in-delhi","best advisors for retirement income planning in delhi","Best Advisors For Retirement Income Planning In Delhi: Complete 2026 Guide",retirement,commercial,P3,25,low,low,pending
501,"retirement-income-planning-calculator","retirement income planning calculator","Retirement Income Planning Calculator: Practical Guide + Examples",retirement,commercial,P3,25,medium,low,pending
502,"retirement-income-plan-template","retirement income plan template","Retirement Income Plan Template: Practical Guide + Examples",retirement,commercial,P3,25,medium,low,pending
503,"roth-ira-vs-delayed-retirement","roth ira vs delayed retirement","Roth Ira vs Delayed Retirement: Which Strategy Works Better in 2026?",retirement,comparison,P3,25,medium,low,pending
504,"roth-ira-tax-implications","roth ira tax implications","Roth Ira Tax Implications: Complete 2026 Guide",retirement,informational,P3,25,medium,low,pending
505,"backdoor-roth-vs-delayed-retirement","backdoor roth vs delayed retirement","Backdoor Roth vs Delayed Retirement: Which Strategy Works Better in 2026?",retirement,comparison,P3,25,medium,low,pending
506,"backdoor-roth-tax-implications","backdoor roth tax implications","Backdoor Roth Tax Implications: Complete 2026 Guide",retirement,informational,P3,25,medium,low,pending
507,"required-minimum-distributions-vs-delayed-retirement","required minimum distributions vs delayed retirement","Required Minimum Distributions vs Delayed Retirement: Which Strategy Works Better in 2026?",retirement,comparison,P3,25,low,low,pending
508,"required-minimum-distributions-tax-implications","required minimum distributions tax implications","Required Minimum Distributions Tax Implications: Complete 2026 Guide",retirement,informational,P3,25,medium,low,pending
509,"social-security-claiming-vs-delayed-retirement","social security claiming vs delayed retirement","Social Security Claiming vs Delayed Retirement: Which Strategy Works Better in 2026?",retirement,comparison,P3,25,low,low,pending
510,"social-security-claiming-tax-implications","social security claiming tax implications","Social Security Claiming Tax Implications: Complete 2026 Guide",retirement,informational,P3,25,medium,low,pending
511,"sequence-of-returns-risk-vs-delayed-retirement","sequence of returns risk vs delayed retirement","Sequence Of Returns Risk vs Delayed Retirement: Which Strategy Works Better in 2026?",retirement,comparison,P3,25,low,low,pending
512,"sequence-of-returns-risk-tax-implications","sequence of returns risk tax implications","Sequence Of Returns Risk Tax Implications: Complete 2026 Guide",retirement,informational,P3,25,low,low,pending
513,"retirement-income-plan-for-pre-retirees","retirement income plan for pre retirees","Retirement Income Plan For Pre Retirees: Complete 2026 Guide",retirement,informational,P3,25,low,low,pending
514,"retirement-income-plan-for-early-retirees","retirement income plan for early retirees","Retirement Income Plan For Early Retirees: Complete 2026 Guide",retirement,informational,P3,25,low,low,pending
515,"retirement-income-plan-for-government-employees","retirement income plan for government employees","Retirement Income Plan For Government Employees: Complete 2026 Guide",retirement,informational,P3,25,low,low,pending
516,"retirement-income-plan-for-self-employed","retirement income plan for self employed","Retirement Income Plan For Self Employed: Complete 2026 Guide",retirement,informational,P3,25,low,low,pending
517,"retirement-income-plan-for-married-couples","retirement income plan for married couples","Retirement Income Plan For Married Couples: Complete 2026 Guide",retirement,informational,P3,25,low,low,pending
518,"retirement-income-plan-for-high-income-families","retirement income plan for high income families","Retirement Income Plan For High Income Families: Complete 2026 Guide",retirement,informational,P3,25,low,low,pending
519,"retirement-income-plan-vs-pension-options","retirement income plan vs pension options","Retirement Income Plan vs Pension Options: Which Strategy Works Better in 2026?",retirement,comparison,P3,25,low,low,pending
520,"retirement-income-plan-vs-bond-ladders","retirement income plan vs bond ladders","Retirement Income Plan vs Bond Ladders: Which Strategy Works Better in 2026?",retirement,comparison,P3,25,low,low,pending
521,"retirement-income-plan-for-beginners","retirement income plan for beginners","Retirement Income Plan For Beginners: Complete 2026 Guide",retirement,informational,P3,25,medium,low,pending
522,"retirement-income-plan-for-high-earners","retirement income plan for high earners","Retirement Income Plan For High Earners: Complete 2026 Guide",retirement,informational,P3,25,low,low,pending
523,"retirement-income-plan-for-small-business-owners","retirement income plan for small business owners","Retirement Income Plan For Small Business Owners: Complete 2026 Guide",retirement,informational,P3,25,low,low,pending
524,"retirement-income-plan-checklist","retirement income plan checklist","Retirement Income Plan Checklist: Practical Guide + Examples",retirement,informational,P3,25,medium,low,pending
525,"retirement-income-plan-calculator","retirement income plan calculator","Retirement Income Plan Calculator: Practical Guide + Examples",retirement,commercial,P3,25,medium,low,pending
526,"retirement-income-plan-best-strategy","retirement income plan best strategy","Retirement Income Plan Best Strategy: Complete 2026 Guide",retirement,commercial,P3,25,medium,low,pending
527,"annuities-vs-bonds-vs-delayed-retirement","annuities vs bonds vs delayed retirement","Annuities vs Bonds: Which Strategy Works Better in 2026?",retirement,comparison,P3,25,low,low,pending
528,"s-corp-election-form","s corp election form","S Corp Election Form: Complete 2026 Guide",business_structures,informational,P3,25,medium,low,pending
529,"s-corp-election-deadline","s corp election deadline","S Corp Election Deadline: Complete 2026 Guide",business_structures,informational,P3,25,medium,low,pending
530,"series-llc-operating-agreement","series llc operating agreement","Series Llc Operating Agreement: Complete 2026 Guide",business_structures,informational,P3,25,medium,low,pending
531,"how-to-change-operating-agreement-of-llc","how to change operating agreement of llc","How To Change Operating Agreement Of Llc: Complete 2026 Guide",business_structures,informational,P3,25,low,low,pending
532,"how-to-file-operating-agreement-llc","how to file operating agreement llc","How To File Operating Agreement Llc: Complete 2026 Guide",business_structures,informational,P3,25,low,low,pending
533,"how-to-update-operating-agreement-llc","how to update operating agreement llc","How To Update Operating Agreement Llc: Complete 2026 Guide",business_structures,informational,P3,25,low,low,pending
534,"operating-agreement-llc-texas","operating agreement llc texas","Operating Agreement Llc Texas: Complete 2026 Guide",business_structures,informational,P3,25,medium,low,pending
535,"best-llc-operating-agreement","best llc operating agreement","Best Llc Operating Agreement: Complete 2026 Guide",business_structures,commercial,P3,25,medium,low,pending
536,"how-is-corporate-veil-pierced","how is corporate veil pierced","How Is Corporate Veil Pierced: Complete 2026 Guide",business_structures,informational,P3,25,medium,low,pending
537,"how-to-pierce-corporate-veil-llc","how to pierce corporate veil llc","How To Pierce Corporate Veil Llc: Complete 2026 Guide",business_structures,informational,P3,25,low,low,pending
538,"multi-state-llc-search","multi state llc search","Multi State Llc Search: Complete 2026 Guide",business_structures,informational,P3,25,medium,low,pending
539,"multi-state-towing-llc","multi state towing llc","Multi State Towing Llc: Complete 2026 Guide",business_structures,informational,P3,25,medium,low,pending
540,"multi-state-lottery-llc","multi state lottery llc","Multi State Lottery Llc: Complete 2026 Guide",business_structures,informational,P3,25,medium,low,pending
541,"multi-state-towing-llc-photos","multi state towing llc photos","Multi State Towing Llc Photos: Complete 2026 Guide",business_structures,informational,P3,25,medium,low,pending
542,"reasonable-salary-tax-implications","reasonable salary tax implications","Reasonable Salary Tax Implications: Complete 2026 Guide",business_structures,informational,P3,25,medium,low,pending
543,"holding-company-tax-implications","holding company tax implications","Holding Company Tax Implications: Complete 2026 Guide",business_structures,informational,P3,25,medium,low,pending
544,"operating-agreement-tax-implications","operating agreement tax implications","Operating Agreement Tax Implications: Complete 2026 Guide",business_structures,informational,P3,25,medium,low,pending
545,"registered-agent-tax-implications","registered agent tax implications","Registered Agent Tax Implications: Complete 2026 Guide",business_structures,informational,P3,25,medium,low,pending
546,"business-succession-planning-tax-implications","business succession planning tax implications","Business Succession Planning Tax Implications: Complete 2026 Guide",business_structures,informational,P3,25,medium,low,pending
547,"corporate-veil-tax-implications","corporate veil tax implications","Corporate Veil Tax Implications: Complete 2026 Guide",business_structures,informational,P3,25,medium,low,pending
548,"tax-loss-harvesting-2026","tax loss harvesting 2026","Tax Loss Harvesting 2026: Complete 2026 Guide",investing,informational,P3,25,medium,low,pending
549,"best-asset-allocation-strategy","best asset allocation strategy","Best Asset Allocation Strategy: Complete 2026 Guide",investing,commercial,P3,24,medium,low,pending
550,"best-asset-allocation-for-60-year-old","best asset allocation for 60 year old","Best Asset Allocation For 60 Year Old: Complete 2026 Guide",investing,commercial,P3,24,low,low,pending
551,"best-asset-allocation-for-roth-ira","best asset allocation for roth ira","Best Asset Allocation For Roth Ira: Complete 2026 Guide",investing,commercial,P3,24,low,low,pending
552,"best-asset-allocation-for-80-year-old","best asset allocation for 80 year old","Best Asset Allocation For 80 Year Old: Complete 2026 Guide",investing,commercial,P3,24,low,low,pending
553,"asset-allocation-for-beginners","asset allocation for beginners","Asset Allocation For Beginners: Complete 2026 Guide",investing,informational,P3,24,medium,low,pending
554,"asset-allocation-for-dummies","asset allocation for dummies","Asset Allocation For Dummies: Complete 2026 Guide",investing,informational,P3,24,medium,low,pending
555,"asset-allocation-for-high-earners","asset allocation for high earners","Asset Allocation For High Earners: Complete 2026 Guide",investing,informational,P3,24,medium,low,pending
556,"asset-allocation-for-busy-professionals","asset allocation for busy professionals","Asset Allocation For Busy Professionals: Complete 2026 Guide",investing,informational,P3,24,medium,low,pending
557,"asset-allocation-for-parents","asset allocation for parents","Asset Allocation For Parents: Complete 2026 Guide",investing,informational,P3,24,medium,low,pending
558,"asset-allocation-for-late-starters","asset allocation for late starters","Asset Allocation For Late Starters: Complete 2026 Guide",investing,informational,P3,24,medium,low,pending
559,"asset-allocation-for-entrepreneurs","asset allocation for entrepreneurs","Asset Allocation For Entrepreneurs: Complete 2026 Guide",investing,informational,P3,24,medium,low,pending
560,"asset-allocation-vs-target-date-funds","asset allocation vs target date funds","Asset Allocation vs Target Date Funds: Which Strategy Works Better in 2026?",investing,comparison,P3,24,low,low,pending
561,"asset-allocation-vs-robo-advisors","asset allocation vs robo advisors","Asset Allocation vs Robo Advisors: Which Strategy Works Better in 2026?",investing,comparison,P3,24,medium,low,pending
562,"asset-allocation-vs-active-funds","asset allocation vs active funds","Asset Allocation vs Active Funds: Which Strategy Works Better in 2026?",investing,comparison,P3,24,medium,low,pending
563,"asset-allocation-vs-real-estate-syndication","asset allocation vs real estate syndication","Asset Allocation vs Real Estate Syndication: Which Strategy Works Better in 2026?",investing,comparison,P3,24,low,low,pending
564,"asset-allocation-vs-private-credit","asset allocation vs private credit","Asset Allocation vs Private Credit: Which Strategy Works Better in 2026?",investing,comparison,P3,24,medium,low,pending
565,"asset-allocation-for-small-business-owners","asset allocation for small business owners","Asset Allocation For Small Business Owners: Complete 2026 Guide",investing,informational,P3,24,low,low,pending
566,"asset-allocation-best-strategy","asset allocation best strategy","Asset Allocation Best Strategy: Complete 2026 Guide",investing,commercial,P3,24,medium,low,pending
567,"heloc-strategy-to-pay-off-mortgage-calculator","heloc strategy to pay off mortgage calculator","Heloc Strategy To Pay Off Mortgage Calculator: Practical Guide + Examples",debt_management,commercial,P3,24,low,low,pending
568,"personal-loan-vs-credit-card-calculator","personal loan vs credit card calculator","Personal Loan vs Credit Card Calculator: Which Strategy Works Better in 2026?",debt_management,comparison,P3,24,low,low,pending
569,"heloc-strategy-for-new-graduates","heloc strategy for new graduates","Heloc Strategy For New Graduates: Complete 2026 Guide",debt_management,informational,P3,24,medium,low,pending
570,"heloc-strategy-for-families","heloc strategy for families","Heloc Strategy For Families: Complete 2026 Guide",debt_management,informational,P3,24,medium,low,pending
571,"heloc-strategy-for-small-business-owners","heloc strategy for small business owners","Heloc Strategy For Small Business Owners: Complete 2026 Guide",debt_management,informational,P3,24,low,low,pending
572,"heloc-strategy-for-w2-professionals","heloc strategy for w2 professionals","Heloc Strategy For W2 Professionals: Complete 2026 Guide",debt_management,informational,P3,24,medium,low,pending
573,"heloc-strategy-for-self-employed","heloc strategy for self employed","Heloc Strategy For Self Employed: Complete 2026 Guide",debt_management,informational,P3,24,medium,low,pending
574,"heloc-strategy-vs-refinance","heloc strategy vs refinance","Heloc Strategy vs Refinance: Which Strategy Works Better in 2026?",debt_management,comparison,P3,24,medium,low,pending
575,"heloc-strategy-vs-forbearance","heloc strategy vs forbearance","Heloc Strategy vs Forbearance: Which Strategy Works Better in 2026?",debt_management,comparison,P3,24,medium,low,pending
576,"heloc-strategy-vs-negotiated-settlements","heloc strategy vs negotiated settlements","Heloc Strategy vs Negotiated Settlements: Which Strategy Works Better in 2026?",debt_management,comparison,P3,24,medium,low,pending
577,"heloc-strategy-vs-bankruptcy-planning","heloc strategy vs bankruptcy planning","Heloc Strategy vs Bankruptcy Planning: Which Strategy Works Better in 2026?",debt_management,comparison,P3,24,medium,low,pending
578,"heloc-strategy-for-beginners","heloc strategy for beginners","Heloc Strategy For Beginners: Complete 2026 Guide",debt_management,informational,P3,24,medium,low,pending
579,"heloc-strategy-for-high-earners","heloc strategy for high earners","Heloc Strategy For High Earners: Complete 2026 Guide",debt_management,informational,P3,24,medium,low,pending
580,"annuities-vs-bonds-2026","annuities vs bonds 2026","Annuities vs Bonds 2026: Which Strategy Works Better in 2026?",retirement,comparison,P3,23,medium,low,pending
581,"tax-strategy-software","tax strategy software","Tax Strategy Software: Complete 2026 Guide",tax_strategies,informational,P3,22,high,low,pending
582,"tax-strategy-consultant","tax strategy consultant","Tax Strategy Consultant: Complete 2026 Guide",tax_strategies,informational,P3,22,high,low,pending
583,"tax-strategy-365","tax strategy 365","Tax Strategy 365: Complete 2026 Guide",tax_strategies,informational,P3,22,high,low,pending
584,"tax-strategy-books","tax strategy books","Tax Strategy Books: Complete 2026 Guide",tax_strategies,informational,P3,22,high,low,pending
585,"index-fund-investing-for-beginners","index fund investing for beginners","Index Fund Investing For Beginners: Complete 2026 Guide",investing,informational,P3,22,medium,low,pending
586,"index-fund-investing-calculator","index fund investing calculator","Index Fund Investing Calculator: Practical Guide + Examples",investing,commercial,P3,22,medium,low,pending
587,"index-fund-investing-vs-stock-picking","index fund investing vs stock picking","Index Fund Investing vs Stock Picking: Which Strategy Works Better in 2026?",investing,comparison,P3,22,low,low,pending
588,"index-fund-investing-strategy","index fund investing strategy","Index Fund Investing Strategy: Complete 2026 Guide",investing,informational,P3,22,medium,low,pending
589,"index-fund-investing-for-kids","index fund investing for kids","Index Fund Investing For Kids: Complete 2026 Guide",investing,informational,P3,22,medium,low,pending
590,"asset-allocation-in-retirement","asset allocation in retirement","Asset Allocation In Retirement: Complete 2026 Guide",investing,informational,P3,22,medium,low,pending
591,"what-is-index-fund-investing-for-beginners","what is index fund investing for beginners","What Is Index Fund Investing For Beginners: Complete 2026 Guide",investing,informational,P3,22,low,low,pending
592,"dividend-growth-investing-strategy","dividend growth investing strategy","Dividend Growth Investing Strategy: Complete 2026 Guide",investing,informational,P3,22,medium,low,pending
593,"dividend-growth-investing-vs-index-funds","dividend growth investing vs index funds","Dividend Growth Investing vs Index Funds: Which Strategy Works Better in 2026?",investing,comparison,P3,22,low,low,pending
594,"dividend-growth-investing-calculator","dividend growth investing calculator","Dividend Growth Investing Calculator: Practical Guide + Examples",investing,commercial,P3,22,medium,low,pending
595,"dividend-growth-investing-for-beginners","dividend growth investing for beginners","Dividend Growth Investing For Beginners: Complete 2026 Guide",investing,informational,P3,22,medium,low,pending
596,"dividend-investing-vs-growth","dividend investing vs growth","Dividend Investing vs Growth: Which Strategy Works Better in 2026?",investing,comparison,P3,22,medium,low,pending
597,"value-investing-vs-growth-investing","value investing vs growth investing","Value Investing vs Growth Investing: Which Strategy Works Better in 2026?",investing,comparison,P3,22,medium,low,pending
598,"value-investing-for-beginners","value investing for beginners","Value Investing For Beginners: Complete 2026 Guide",investing,informational,P3,22,medium,low,pending
599,"value-investing-for-dummies","value investing for dummies","Value Investing For Dummies: Complete 2026 Guide",investing,informational,P3,22,medium,low,pending
600,"investment-fees-tax-deductible","investment fees tax deductible","Investment Fees Tax Deductible: Complete 2026 Guide",investing,informational,P3,22,medium,low,pending
601,"bond-ladders-for-retirement","bond ladders for retirement","Bond Ladders For Retirement: Complete 2026 Guide",investing,informational,P3,22,medium,low,pending
602,"best-bond-ladder-for-retirement-income","best bond ladder for retirement income","Best Bond Ladder For Retirement Income: Complete 2026 Guide",investing,commercial,P3,22,low,low,pending
603,"index-fund-investing-for-high-earners","index fund investing for high earners","Index Fund Investing For High Earners: Complete 2026 Guide",investing,informational,P3,22,low,low,pending
604,"index-fund-investing-for-busy-professionals","index fund investing for busy professionals","Index Fund Investing For Busy Professionals: Complete 2026 Guide",investing,informational,P3,22,low,low,pending
605,"index-fund-investing-for-parents","index fund investing for parents","Index Fund Investing For Parents: Complete 2026 Guide",investing,informational,P3,22,medium,low,pending
606,"index-fund-investing-for-late-starters","index fund investing for late starters","Index Fund Investing For Late Starters: Complete 2026 Guide",investing,informational,P3,22,low,low,pending
607,"index-fund-investing-for-entrepreneurs","index fund investing for entrepreneurs","Index Fund Investing For Entrepreneurs: Complete 2026 Guide",investing,informational,P3,22,medium,low,pending
608,"index-fund-investing-vs-target-date-funds","index fund investing vs target date funds","Index Fund Investing vs Target Date Funds: Which Strategy Works Better in 2026?",investing,comparison,P3,22,low,low,pending
609,"index-fund-investing-vs-robo-advisors","index fund investing vs robo advisors","Index Fund Investing vs Robo Advisors: Which Strategy Works Better in 2026?",investing,comparison,P3,22,low,low,pending
610,"index-fund-investing-vs-active-funds","index fund investing vs active funds","Index Fund Investing vs Active Funds: Which Strategy Works Better in 2026?",investing,comparison,P3,22,low,low,pending
611,"index-fund-investing-for-small-business-owners","index fund investing for small business owners","Index Fund Investing For Small Business Owners: Complete 2026 Guide",investing,informational,P3,22,low,low,pending
612,"index-fund-investing-checklist","index fund investing checklist","Index Fund Investing Checklist: Practical Guide + Examples",investing,informational,P3,22,medium,low,pending
613,"index-fund-investing-template","index fund investing template","Index Fund Investing Template: Practical Guide + Examples",investing,commercial,P3,22,medium,low,pending
614,"index-fund-investing-best-strategy","index fund investing best strategy","Index Fund Investing Best Strategy: Complete 2026 Guide",investing,commercial,P3,22,medium,low,pending
615,"dividend-growth-investing-for-high-earners","dividend growth investing for high earners","Dividend Growth Investing For High Earners: Complete 2026 Guide",investing,informational,P3,22,low,low,pending
616,"dividend-growth-investing-for-busy-professionals","dividend growth investing for busy professionals","Dividend Growth Investing For Busy Professionals: Complete 2026 Guide",investing,informational,P3,22,low,low,pending
617,"dividend-growth-investing-for-parents","dividend growth investing for parents","Dividend Growth Investing For Parents: Complete 2026 Guide",investing,informational,P3,22,medium,low,pending
618,"dividend-growth-investing-for-late-starters","dividend growth investing for late starters","Dividend Growth Investing For Late Starters: Complete 2026 Guide",investing,informational,P3,22,low,low,pending
619,"dividend-growth-investing-for-entrepreneurs","dividend growth investing for entrepreneurs","Dividend Growth Investing For Entrepreneurs: Complete 2026 Guide",investing,informational,P3,22,medium,low,pending
620,"dividend-growth-investing-vs-target-date-funds","dividend growth investing vs target date funds","Dividend Growth Investing vs Target Date Funds: Which Strategy Works Better in 2026?",investing,comparison,P3,22,low,low,pending
621,"dividend-growth-investing-vs-robo-advisors","dividend growth investing vs robo advisors","Dividend Growth Investing vs Robo Advisors: Which Strategy Works Better in 2026?",investing,comparison,P3,22,low,low,pending
622,"dividend-growth-investing-vs-active-funds","dividend growth investing vs active funds","Dividend Growth Investing vs Active Funds: Which Strategy Works Better in 2026?",investing,comparison,P3,22,low,low,pending
623,"dividend-growth-investing-for-small-business-owners","dividend growth investing for small business owners","Dividend Growth Investing For Small Business Owners: Complete 2026 Guide",investing,informational,P3,22,low,low,pending
624,"dividend-growth-investing-checklist","dividend growth investing checklist","Dividend Growth Investing Checklist: Practical Guide + Examples",investing,informational,P3,22,medium,low,pending
625,"dividend-growth-investing-template","dividend growth investing template","Dividend Growth Investing Template: Practical Guide + Examples",investing,commercial,P3,22,medium,low,pending
626,"dividend-growth-investing-best-strategy","dividend growth investing best strategy","Dividend Growth Investing Best Strategy: Complete 2026 Guide",investing,commercial,P3,22,medium,low,pending
627,"value-investing-for-high-earners","value investing for high earners","Value Investing For High Earners: Complete 2026 Guide",investing,informational,P3,22,medium,low,pending
628,"value-investing-for-busy-professionals","value investing for busy professionals","Value Investing For Busy Professionals: Complete 2026 Guide",investing,informational,P3,22,medium,low,pending
629,"value-investing-for-parents","value investing for parents","Value Investing For Parents: Complete 2026 Guide",investing,informational,P3,22,medium,low,pending
630,"value-investing-for-late-starters","value investing for late starters","Value Investing For Late Starters: Complete 2026 Guide",investing,informational,P3,22,medium,low,pending
631,"value-investing-for-entrepreneurs","value investing for entrepreneurs","Value Investing For Entrepreneurs: Complete 2026 Guide",investing,informational,P3,22,medium,low,pending
632,"value-investing-vs-target-date-funds","value investing vs target date funds","Value Investing vs Target Date Funds: Which Strategy Works Better in 2026?",investing,comparison,P3,22,low,low,pending
633,"value-investing-vs-robo-advisors","value investing vs robo advisors","Value Investing vs Robo Advisors: Which Strategy Works Better in 2026?",investing,comparison,P3,22,medium,low,pending
634,"value-investing-vs-active-funds","value investing vs active funds","Value Investing vs Active Funds: Which Strategy Works Better in 2026?",investing,comparison,P3,22,medium,low,pending
635,"value-investing-vs-real-estate-syndication","value investing vs real estate syndication","Value Investing vs Real Estate Syndication: Which Strategy Works Better in 2026?",investing,comparison,P3,22,low,low,pending
636,"value-investing-vs-private-credit","value investing vs private credit","Value Investing vs Private Credit: Which Strategy Works Better in 2026?",investing,comparison,P3,22,medium,low,pending
637,"value-investing-for-small-business-owners","value investing for small business owners","Value Investing For Small Business Owners: Complete 2026 Guide",investing,informational,P3,22,low,low,pending
638,"value-investing-best-strategy","value investing best strategy","Value Investing Best Strategy: Complete 2026 Guide",investing,commercial,P3,22,medium,low,pending
639,"portfolio-rebalancing-tax-implications","portfolio rebalancing tax implications","Portfolio Rebalancing Tax Implications: Complete 2026 Guide",investing,informational,P3,22,medium,low,pending
640,"investment-fees-tax-implications","investment fees tax implications","Investment Fees Tax Implications: Complete 2026 Guide",investing,informational,P3,22,medium,low,pending
641,"international-diversification-tax-implications","international diversification tax implications","International Diversification Tax Implications: Complete 2026 Guide",investing,informational,P3,22,medium,low,pending
642,"bond-ladders-tax-implications","bond ladders tax implications","Bond Ladders Tax Implications: Complete 2026 Guide",investing,informational,P3,22,medium,low,pending
643,"tax-loss-harvesting-tax-implications","tax loss harvesting tax implications","Tax Loss Harvesting Tax Implications: Complete 2026 Guide",investing,informational,P3,22,medium,low,pending
644,"tax-loss-harvesting-case-study","tax loss harvesting case study","Tax Loss Harvesting Case Study: Complete 2026 Guide",investing,informational,P3,22,medium,low,pending
645,"best-debt-avalanche-calculator","best debt avalanche calculator","Best Debt Avalanche Calculator: Practical Guide + Examples",debt_management,commercial,P3,22,medium,low,pending
646,"debt-snowball-method-for-paying-off-debt","debt snowball method for paying off debt","Debt Snowball Method For Paying Off Debt: Complete 2026 Guide",debt_management,informational,P3,22,low,low,pending
647,"debt-snowball-vs-avalanche","debt snowball vs avalanche","Debt Snowball vs Avalanche: Which Strategy Works Better in 2026?",debt_management,comparison,P3,22,medium,low,pending
648,"debt-snowball-spreadsheet-for-google-sheets","debt snowball spreadsheet for google sheets","Debt Snowball Spreadsheet For Google Sheets: Complete 2026 Guide",debt_management,informational,P3,22,low,low,pending
649,"debt-avalanche-vs-snowball","debt avalanche vs snowball","Debt Avalanche vs Snowball: Which Strategy Works Better in 2026?",debt_management,comparison,P3,22,medium,low,pending
650,"debt-avalanche-calculator-excel","debt avalanche calculator excel","Debt Avalanche Calculator Excel: Practical Guide + Examples",debt_management,commercial,P3,22,medium,low,pending
651,"debt-avalanche-method-calculator","debt avalanche method calculator","Debt Avalanche Method Calculator: Practical Guide + Examples",debt_management,commercial,P3,22,medium,low,pending
652,"best-debt-snowball-calculator","best debt snowball calculator","Best Debt Snowball Calculator: Practical Guide + Examples",debt_management,commercial,P3,22,medium,low,pending
653,"best-debt-snowball-calculator-app","best debt snowball calculator app","Best Debt Snowball Calculator App: Practical Guide + Examples",debt_management,commercial,P3,22,medium,low,pending
654,"best-debt-snowball-strategy","best debt snowball strategy","Best Debt Snowball Strategy: Complete 2026 Guide",debt_management,commercial,P3,22,medium,low,pending
655,"best-debt-snowball-app-for-iphone","best debt snowball app for iphone","Best Debt Snowball App For Iphone: Complete 2026 Guide",debt_management,commercial,P3,22,low,low,pending
656,"best-debt-snowball-calculator-excel","best debt snowball calculator excel","Best Debt Snowball Calculator Excel: Practical Guide + Examples",debt_management,commercial,P3,22,medium,low,pending
657,"how-to-snowball-debt-calculator","how to snowball debt calculator","How To Snowball Debt Calculator: Complete 2026 Guide",debt_management,commercial,P3,22,medium,low,pending
658,"debt-consolidation-for-bad-credit","debt consolidation for bad credit","Debt Consolidation For Bad Credit: Complete 2026 Guide",debt_management,informational,P3,22,medium,low,pending
659,"best-debt-consolidation-loans-for-bad-credit","best debt consolidation loans for bad credit","Best Debt Consolidation Loans For Bad Credit: Complete 2026 Guide",debt_management,commercial,P3,22,low,low,pending
660,"best-debt-consolidation-loans-for-fair-credit","best debt consolidation loans for fair credit","Best Debt Consolidation Loans For Fair Credit: Complete 2026 Guide",debt_management,commercial,P3,22,low,low,pending
661,"debt-to-income-ratio-calculator","debt to income ratio calculator","Debt To Income Ratio Calculator: Practical Guide + Examples",debt_management,commercial,P3,22,medium,low,pending
662,"debt-to-income-ratio-for-mortgage","debt to income ratio for mortgage","Debt To Income Ratio For Mortgage: Complete 2026 Guide",debt_management,informational,P3,22,low,low,pending
663,"debt-to-income-ratio-for-car-loan","debt to income ratio for car loan","Debt To Income Ratio For Car Loan: Complete 2026 Guide",debt_management,informational,P3,22,low,low,pending
664,"debt-to-income-ratio-for-home-loan","debt to income ratio for home loan","Debt To Income Ratio For Home Loan: Complete 2026 Guide",debt_management,informational,P3,22,low,low,pending
665,"debt-to-income-ratio-for-fha-loan","debt to income ratio for fha loan","Debt To Income Ratio For Fha Loan: Complete 2026 Guide",debt_management,informational,P3,22,low,low,pending
666,"best-debt-to-income-ratio-for-mortgage","best debt to income ratio for mortgage","Best Debt To Income Ratio For Mortgage: Complete 2026 Guide",debt_management,commercial,P3,22,low,low,pending
667,"best-debt-to-income-ratio-for-credit-score","best debt to income ratio for credit score","Best Debt To Income Ratio For Credit Score: Complete 2026 Guide",debt_management,commercial,P3,22,low,low,pending
668,"best-debt-to-income-ratio-calculator","best debt to income ratio calculator","Best Debt To Income Ratio Calculator: Practical Guide + Examples",debt_management,commercial,P3,22,low,low,pending
669,"best-debt-to-income-ratio-for-credit-card","best debt to income ratio for credit card","Best Debt To Income Ratio For Credit Card: Complete 2026 Guide",debt_management,commercial,P3,22,low,low,pending
670,"what-debt-to-income-ratio-for-mortgage","what debt to income ratio for mortgage","What Debt To Income Ratio For Mortgage: Complete 2026 Guide",debt_management,informational,P3,22,low,low,pending
671,"best-personal-loan-credit-card-payoff","best personal loan credit card payoff","Best Personal Loan Credit Card Payoff: Complete 2026 Guide",debt_management,commercial,P3,22,low,low,pending
672,"best-personal-loan-for-credit-card-debt-consolidation","best personal loan for credit card debt consolidation","Best Personal Loan For Credit Card Debt Consolidation: Complete 2026 Guide",debt_management,commercial,P3,22,low,low,pending
673,"debt-avalanche-for-new-graduates","debt avalanche for new graduates","Debt Avalanche For New Graduates: Complete 2026 Guide",debt_management,informational,P3,22,medium,low,pending
674,"debt-avalanche-for-families","debt avalanche for families","Debt Avalanche For Families: Complete 2026 Guide",debt_management,informational,P3,22,medium,low,pending
675,"debt-avalanche-for-small-business-owners","debt avalanche for small business owners","Debt Avalanche For Small Business Owners: Complete 2026 Guide",debt_management,informational,P3,22,low,low,pending
676,"debt-avalanche-for-high-earners-with-lifestyle-debt","debt avalanche for high earners with lifestyle debt","Debt Avalanche For High Earners With Lifestyle Debt: Complete 2026 Guide",debt_management,informational,P3,22,low,low,pending
677,"debt-avalanche-for-w2-professionals","debt avalanche for w2 professionals","Debt Avalanche For W2 Professionals: Complete 2026 Guide",debt_management,informational,P3,22,medium,low,pending
678,"debt-avalanche-for-self-employed","debt avalanche for self employed","Debt Avalanche For Self Employed: Complete 2026 Guide",debt_management,informational,P3,22,medium,low,pending
679,"debt-avalanche-vs-refinance","debt avalanche vs refinance","Debt Avalanche vs Refinance: Which Strategy Works Better in 2026?",debt_management,comparison,P3,22,medium,low,pending
680,"debt-avalanche-vs-forbearance","debt avalanche vs forbearance","Debt Avalanche vs Forbearance: Which Strategy Works Better in 2026?",debt_management,comparison,P3,22,medium,low,pending
681,"debt-avalanche-vs-negotiated-settlements","debt avalanche vs negotiated settlements","Debt Avalanche vs Negotiated Settlements: Which Strategy Works Better in 2026?",debt_management,comparison,P3,22,medium,low,pending
682,"debt-avalanche-vs-bankruptcy-planning","debt avalanche vs bankruptcy planning","Debt Avalanche vs Bankruptcy Planning: Which Strategy Works Better in 2026?",debt_management,comparison,P3,22,medium,low,pending
683,"debt-snowball-for-new-graduates","debt snowball for new graduates","Debt Snowball For New Graduates: Complete 2026 Guide",debt_management,informational,P3,22,medium,low,pending
684,"debt-snowball-for-families","debt snowball for families","Debt Snowball For Families: Complete 2026 Guide",debt_management,informational,P3,22,medium,low,pending
685,"debt-snowball-for-small-business-owners","debt snowball for small business owners","Debt Snowball For Small Business Owners: Complete 2026 Guide",debt_management,informational,P3,22,low,low,pending
686,"debt-snowball-for-high-earners-with-lifestyle-debt","debt snowball for high earners with lifestyle debt","Debt Snowball For High Earners With Lifestyle Debt: Complete 2026 Guide",debt_management,informational,P3,22,low,low,pending
687,"debt-snowball-for-w2-professionals","debt snowball for w2 professionals","Debt Snowball For W2 Professionals: Complete 2026 Guide",debt_management,informational,P3,22,medium,low,pending
688,"debt-snowball-for-self-employed","debt snowball for self employed","Debt Snowball For Self Employed: Complete 2026 Guide",debt_management,informational,P3,22,medium,low,pending
689,"debt-snowball-vs-refinance","debt snowball vs refinance","Debt Snowball vs Refinance: Which Strategy Works Better in 2026?",debt_management,comparison,P3,22,medium,low,pending
690,"debt-snowball-vs-forbearance","debt snowball vs forbearance","Debt Snowball vs Forbearance: Which Strategy Works Better in 2026?",debt_management,comparison,P3,22,medium,low,pending
691,"debt-snowball-vs-negotiated-settlements","debt snowball vs negotiated settlements","Debt Snowball vs Negotiated Settlements: Which Strategy Works Better in 2026?",debt_management,comparison,P3,22,medium,low,pending
692,"debt-consolidation-for-new-graduates","debt consolidation for new graduates","Debt Consolidation For New Graduates: Complete 2026 Guide",debt_management,informational,P3,22,medium,low,pending
693,"debt-consolidation-for-families","debt consolidation for families","Debt Consolidation For Families: Complete 2026 Guide",debt_management,informational,P3,22,medium,low,pending
694,"debt-consolidation-for-small-business-owners","debt consolidation for small business owners","Debt Consolidation For Small Business Owners: Complete 2026 Guide",debt_management,informational,P3,22,low,low,pending
695,"debt-consolidation-for-high-earners-with-lifestyle-debt","debt consolidation for high earners with lifestyle debt","Debt Consolidation For High Earners With Lifestyle Debt: Complete 2026 Guide",debt_management,informational,P3,22,low,low,pending
696,"debt-consolidation-for-w2-professionals","debt consolidation for w2 professionals","Debt Consolidation For W2 Professionals: Complete 2026 Guide",debt_management,informational,P3,22,medium,low,pending
697,"debt-consolidation-for-self-employed","debt consolidation for self employed","Debt Consolidation For Self Employed: Complete 2026 Guide",debt_management,informational,P3,22,medium,low,pending
698,"debt-consolidation-vs-refinance","debt consolidation vs refinance","Debt Consolidation vs Refinance: Which Strategy Works Better in 2026?",debt_management,comparison,P3,22,medium,low,pending
699,"debt-consolidation-vs-forbearance","debt consolidation vs forbearance","Debt Consolidation vs Forbearance: Which Strategy Works Better in 2026?",debt_management,comparison,P3,22,medium,low,pending
700,"debt-consolidation-vs-negotiated-settlements","debt consolidation vs negotiated settlements","Debt Consolidation vs Negotiated Settlements: Which Strategy Works Better in 2026?",debt_management,comparison,P3,22,medium,low,pending
701,"debt-consolidation-vs-bankruptcy-planning","debt consolidation vs bankruptcy planning","Debt Consolidation vs Bankruptcy Planning: Which Strategy Works Better in 2026?",debt_management,comparison,P3,22,medium,low,pending
702,"debt-consolidation-for-beginners","debt consolidation for beginners","Debt Consolidation For Beginners: Complete 2026 Guide",debt_management,informational,P3,22,medium,low,pending
703,"debt-consolidation-for-high-earners","debt consolidation for high earners","Debt Consolidation For High Earners: Complete 2026 Guide",debt_management,informational,P3,22,medium,low,pending
704,"debt-consolidation-best-strategy","debt consolidation best strategy","Debt Consolidation Best Strategy: Complete 2026 Guide",debt_management,commercial,P3,22,medium,low,pending
705,"balance-transfer-for-high-earners-with-lifestyle-debt","balance transfer for high earners with lifestyle debt","Balance Transfer For High Earners With Lifestyle Debt: Complete 2026 Guide",debt_management,informational,P3,22,low,low,pending
706,"balance-transfer-vs-cash-flow-budgeting","balance transfer vs cash flow budgeting","Balance Transfer vs Cash Flow Budgeting: Which Strategy Works Better in 2026?",debt_management,comparison,P3,22,low,low,pending
707,"balance-transfer-tax-implications","balance transfer tax implications","Balance Transfer Tax Implications: Complete 2026 Guide",debt_management,informational,P3,22,medium,low,pending
708,"credit-score-optimization-vs-cash-flow-budgeting","credit score optimization vs cash flow budgeting","Credit Score Optimization vs Cash Flow Budgeting: Which Strategy Works Better in 2026?",debt_management,comparison,P3,22,low,low,pending
709,"credit-score-optimization-tax-implications","credit score optimization tax implications","Credit Score Optimization Tax Implications: Complete 2026 Guide",debt_management,informational,P3,22,medium,low,pending
710,"mortgage-refinancing-for-high-earners-with-lifestyle-debt","mortgage refinancing for high earners with lifestyle debt","Mortgage Refinancing For High Earners With Lifestyle Debt: Complete 2026 Guide",debt_management,informational,P3,22,low,low,pending
711,"mortgage-refinancing-vs-cash-flow-budgeting","mortgage refinancing vs cash flow budgeting","Mortgage Refinancing vs Cash Flow Budgeting: Which Strategy Works Better in 2026?",debt_management,comparison,P3,22,low,low,pending
712,"mortgage-refinancing-tax-implications","mortgage refinancing tax implications","Mortgage Refinancing Tax Implications: Complete 2026 Guide",debt_management,informational,P3,22,medium,low,pending
713,"debt-to-income-ratio-for-new-graduates","debt to income ratio for new graduates","Debt To Income Ratio For New Graduates: Complete 2026 Guide",debt_management,informational,P3,22,low,low,pending
714,"debt-to-income-ratio-for-families","debt to income ratio for families","Debt To Income Ratio For Families: Complete 2026 Guide",debt_management,informational,P3,22,low,low,pending
715,"debt-to-income-ratio-for-small-business-owners","debt to income ratio for small business owners","Debt To Income Ratio For Small Business Owners: Complete 2026 Guide",debt_management,informational,P3,22,low,low,pending
716,"debt-to-income-ratio-for-w2-professionals","debt to income ratio for w2 professionals","Debt To Income Ratio For W2 Professionals: Complete 2026 Guide",debt_management,informational,P3,22,low,low,pending
717,"debt-to-income-ratio-for-self-employed","debt to income ratio for self employed","Debt To Income Ratio For Self Employed: Complete 2026 Guide",debt_management,informational,P3,22,low,low,pending
718,"debt-to-income-ratio-vs-refinance","debt to income ratio vs refinance","Debt To Income Ratio vs Refinance: Which Strategy Works Better in 2026?",debt_management,comparison,P3,22,low,low,pending
719,"debt-to-income-ratio-vs-forbearance","debt to income ratio vs forbearance","Debt To Income Ratio vs Forbearance: Which Strategy Works Better in 2026?",debt_management,comparison,P3,22,low,low,pending
720,"rental-property-investing-for-beginners","rental property investing for beginners","Rental Property Investing For Beginners: Complete 2026 Guide",passive_income,informational,P3,22,medium,low,pending
721,"house-hacking-real-estate-investing-for-beginners","house hacking real estate investing for beginners","House Hacking Real Estate Investing For Beginners: Complete 2026 Guide",passive_income,informational,P3,22,low,low,pending
722,"self-storage-investing-for-beginners","self storage investing for beginners","Self Storage Investing For Beginners: Complete 2026 Guide",passive_income,informational,P3,22,medium,low,pending
723,"self-storage-unit-investing-for-beginners","self storage unit investing for beginners","Self Storage Unit Investing For Beginners: Complete 2026 Guide",passive_income,informational,P3,22,low,low,pending
724,"royalty-income-tax-treatment","royalty income tax treatment","Royalty Income Tax Treatment: Complete 2026 Guide",passive_income,informational,P3,22,medium,low,pending
725,"royalty-income-tax-rate","royalty income tax rate","Royalty Income Tax Rate: Complete 2026 Guide",passive_income,informational,P3,22,medium,low,pending
726,"how-is-royalty-income-taxed","how is royalty income taxed","How Is Royalty Income Taxed: Complete 2026 Guide",passive_income,informational,P3,22,medium,low,pending
727,"how-to-report-royalty-income-on-tax-return","how to report royalty income on tax return","How To Report Royalty Income On Tax Return: Complete 2026 Guide",passive_income,informational,P3,22,low,low,pending
728,"airbnb-cash-flow-calculator","airbnb cash flow calculator","Airbnb Cash Flow Calculator: Practical Guide + Examples",passive_income,commercial,P3,22,medium,low,pending
729,"rental-property-investing-for-w2-professionals","rental property investing for w2 professionals","Rental Property Investing For W2 Professionals: Complete 2026 Guide",passive_income,informational,P3,22,low,low,pending
730,"rental-property-investing-for-new-investors","rental property investing for new investors","Rental Property Investing For New Investors: Complete 2026 Guide",passive_income,informational,P3,22,low,low,pending
731,"rental-property-investing-for-families","rental property investing for families","Rental Property Investing For Families: Complete 2026 Guide",passive_income,informational,P3,22,medium,low,pending
732,"rental-property-investing-for-remote-workers","rental property investing for remote workers","Rental Property Investing For Remote Workers: Complete 2026 Guide",passive_income,informational,P3,22,low,low,pending
733,"rental-property-investing-for-operators","rental property investing for operators","Rental Property Investing For Operators: Complete 2026 Guide",passive_income,informational,P3,22,medium,low,pending
734,"rental-property-investing-for-career-switchers","rental property investing for career switchers","Rental Property Investing For Career Switchers: Complete 2026 Guide",passive_income,informational,P3,22,low,low,pending
735,"rental-property-investing-vs-index-funds","rental property investing vs index funds","Rental Property Investing vs Index Funds: Which Strategy Works Better in 2026?",passive_income,comparison,P3,22,low,low,pending
736,"rental-property-investing-vs-reits","rental property investing vs reits","Rental Property Investing vs Reits: Which Strategy Works Better in 2026?",passive_income,comparison,P3,22,medium,low,pending
737,"rental-property-investing-vs-small-business-acquisition","rental property investing vs small business acquisition","Rental Property Investing vs Small Business Acquisition: Which Strategy Works Better in 2026?",passive_income,comparison,P3,22,low,low,pending
738,"rental-property-investing-vs-notes-investing","rental property investing vs notes investing","Rental Property Investing vs Notes Investing: Which Strategy Works Better in 2026?",passive_income,comparison,P3,22,low,low,pending
739,"rental-property-investing-for-high-earners","rental property investing for high earners","Rental Property Investing For High Earners: Complete 2026 Guide",passive_income,informational,P3,22,low,low,pending
740,"rental-property-investing-for-small-business-owners","rental property investing for small business owners","Rental Property Investing For Small Business Owners: Complete 2026 Guide",passive_income,informational,P3,22,low,low,pending
741,"rental-property-investing-checklist","rental property investing checklist","Rental Property Investing Checklist: Practical Guide + Examples",passive_income,informational,P3,22,medium,low,pending
742,"house-hacking-vs-notes-investing","house hacking vs notes investing","House Hacking vs Notes Investing: Which Strategy Works Better in 2026?",passive_income,comparison,P3,22,medium,low,pending
743,"house-hacking-vs-franchise-investing","house hacking vs franchise investing","House Hacking vs Franchise Investing: Which Strategy Works Better in 2026?",passive_income,comparison,P3,22,medium,low,pending
744,"house-hacking-tax-implications","house hacking tax implications","House Hacking Tax Implications: Complete 2026 Guide",passive_income,informational,P3,22,medium,low,pending
745,"brrrr-method-vs-notes-investing","brrrr method vs notes investing","Brrrr Method vs Notes Investing: Which Strategy Works Better in 2026?",passive_income,comparison,P3,22,medium,low,pending
746,"brrrr-method-vs-franchise-investing","brrrr method vs franchise investing","Brrrr Method vs Franchise Investing: Which Strategy Works Better in 2026?",passive_income,comparison,P3,22,medium,low,pending
747,"brrrr-method-tax-implications","brrrr method tax implications","Brrrr Method Tax Implications: Complete 2026 Guide",passive_income,informational,P3,22,medium,low,pending
748,"self-storage-investing-for-w2-professionals","self storage investing for w2 professionals","Self Storage Investing For W2 Professionals: Complete 2026 Guide",passive_income,informational,P3,22,low,low,pending
749,"self-storage-investing-for-new-investors","self storage investing for new investors","Self Storage Investing For New Investors: Complete 2026 Guide",passive_income,informational,P3,22,low,low,pending
750,"self-storage-investing-for-families","self storage investing for families","Self Storage Investing For Families: Complete 2026 Guide",passive_income,informational,P3,22,medium,low,pending
751,"self-storage-investing-for-remote-workers","self storage investing for remote workers","Self Storage Investing For Remote Workers: Complete 2026 Guide",passive_income,informational,P3,22,low,low,pending
752,"self-storage-investing-for-operators","self storage investing for operators","Self Storage Investing For Operators: Complete 2026 Guide",passive_income,informational,P3,22,medium,low,pending
753,"self-storage-investing-for-career-switchers","self storage investing for career switchers","Self Storage Investing For Career Switchers: Complete 2026 Guide",passive_income,informational,P3,22,low,low,pending
754,"self-storage-investing-vs-index-funds","self storage investing vs index funds","Self Storage Investing vs Index Funds: Which Strategy Works Better in 2026?",passive_income,comparison,P3,22,low,low,pending
755,"self-storage-investing-vs-reits","self storage investing vs reits","Self Storage Investing vs Reits: Which Strategy Works Better in 2026?",passive_income,comparison,P3,22,medium,low,pending
756,"self-storage-investing-vs-small-business-acquisition","self storage investing vs small business acquisition","Self Storage Investing vs Small Business Acquisition: Which Strategy Works Better in 2026?",passive_income,comparison,P3,22,low,low,pending
757,"self-storage-investing-vs-notes-investing","self storage investing vs notes investing","Self Storage Investing vs Notes Investing: Which Strategy Works Better in 2026?",passive_income,comparison,P3,22,low,low,pending
758,"self-storage-investing-for-high-earners","self storage investing for high earners","Self Storage Investing For High Earners: Complete 2026 Guide",passive_income,informational,P3,22,low,low,pending
759,"self-storage-investing-for-small-business-owners","self storage investing for small business owners","Self Storage Investing For Small Business Owners: Complete 2026 Guide",passive_income,informational,P3,22,low,low,pending
760,"laundromat-investing-for-w2-professionals","laundromat investing for w2 professionals","Laundromat Investing For W2 Professionals: Complete 2026 Guide",passive_income,informational,P3,22,medium,low,pending
761,"laundromat-investing-for-new-investors","laundromat investing for new investors","Laundromat Investing For New Investors: Complete 2026 Guide",passive_income,informational,P3,22,medium,low,pending
762,"laundromat-investing-for-families","laundromat investing for families","Laundromat Investing For Families: Complete 2026 Guide",passive_income,informational,P3,22,medium,low,pending
763,"laundromat-investing-for-remote-workers","laundromat investing for remote workers","Laundromat Investing For Remote Workers: Complete 2026 Guide",passive_income,informational,P3,22,medium,low,pending
764,"laundromat-investing-for-operators","laundromat investing for operators","Laundromat Investing For Operators: Complete 2026 Guide",passive_income,informational,P3,22,medium,low,pending
765,"laundromat-investing-for-career-switchers","laundromat investing for career switchers","Laundromat Investing For Career Switchers: Complete 2026 Guide",passive_income,informational,P3,22,medium,low,pending
766,"laundromat-investing-vs-index-funds","laundromat investing vs index funds","Laundromat Investing vs Index Funds: Which Strategy Works Better in 2026?",passive_income,comparison,P3,22,medium,low,pending
767,"laundromat-investing-vs-reits","laundromat investing vs reits","Laundromat Investing vs Reits: Which Strategy Works Better in 2026?",passive_income,comparison,P3,22,medium,low,pending
768,"laundromat-investing-vs-small-business-acquisition","laundromat investing vs small business acquisition","Laundromat Investing vs Small Business Acquisition: Which Strategy Works Better in 2026?",passive_income,comparison,P3,22,low,low,pending
769,"laundromat-investing-vs-notes-investing","laundromat investing vs notes investing","Laundromat Investing vs Notes Investing: Which Strategy Works Better in 2026?",passive_income,comparison,P3,22,medium,low,pending
770,"laundromat-investing-vs-franchise-investing","laundromat investing vs franchise investing","Laundromat Investing vs Franchise Investing: Which Strategy Works Better in 2026?",passive_income,comparison,P3,22,medium,low,pending
771,"laundromat-investing-for-beginners","laundromat investing for beginners","Laundromat Investing For Beginners: Complete 2026 Guide",passive_income,informational,P3,22,medium,low,pending
772,"laundromat-investing-for-high-earners","laundromat investing for high earners","Laundromat Investing For High Earners: Complete 2026 Guide",passive_income,informational,P3,22,medium,low,pending
773,"laundromat-investing-for-small-business-owners","laundromat investing for small business owners","Laundromat Investing For Small Business Owners: Complete 2026 Guide",passive_income,informational,P3,22,low,low,pending
774,"atm-business-vs-notes-investing","atm business vs notes investing","Atm Business vs Notes Investing: Which Strategy Works Better in 2026?",passive_income,comparison,P3,22,medium,low,pending
775,"atm-business-vs-franchise-investing","atm business vs franchise investing","Atm Business vs Franchise Investing: Which Strategy Works Better in 2026?",passive_income,comparison,P3,22,medium,low,pending
776,"atm-business-tax-implications","atm business tax implications","Atm Business Tax Implications: Complete 2026 Guide",passive_income,informational,P3,22,medium,low,pending
777,"royalty-income-vs-notes-investing","royalty income vs notes investing","Royalty Income vs Notes Investing: Which Strategy Works Better in 2026?",passive_income,comparison,P3,22,medium,low,pending
778,"royalty-income-vs-franchise-investing","royalty income vs franchise investing","Royalty Income vs Franchise Investing: Which Strategy Works Better in 2026?",passive_income,comparison,P3,22,medium,low,pending
779,"royalty-income-tax-implications","royalty income tax implications","Royalty Income Tax Implications: Complete 2026 Guide",passive_income,informational,P3,22,medium,low,pending
780,"digital-products-vs-notes-investing","digital products vs notes investing","Digital Products vs Notes Investing: Which Strategy Works Better in 2026?",passive_income,comparison,P3,22,medium,low,pending
781,"digital-products-vs-franchise-investing","digital products vs franchise investing","Digital Products vs Franchise Investing: Which Strategy Works Better in 2026?",passive_income,comparison,P3,22,medium,low,pending
782,"digital-products-tax-implications","digital products tax implications","Digital Products Tax Implications: Complete 2026 Guide",passive_income,informational,P3,22,medium,low,pending
783,"short-term-rental-investing-for-w2-professionals","short term rental investing for w2 professionals","Short Term Rental Investing For W2 Professionals: Complete 2026 Guide",passive_income,informational,P3,22,low,low,pending
784,"short-term-rental-investing-for-new-investors","short term rental investing for new investors","Short Term Rental Investing For New Investors: Complete 2026 Guide",passive_income,informational,P3,22,low,low,pending
785,"short-term-rental-investing-for-families","short term rental investing for families","Short Term Rental Investing For Families: Complete 2026 Guide",passive_income,informational,P3,22,low,low,pending
786,"airbnb-cash-flow-for-w2-professionals","airbnb cash flow for w2 professionals","Airbnb Cash Flow For W2 Professionals: Complete 2026 Guide",passive_income,informational,P3,22,low,low,pending
787,"airbnb-cash-flow-for-new-investors","airbnb cash flow for new investors","Airbnb Cash Flow For New Investors: Complete 2026 Guide",passive_income,informational,P3,22,low,low,pending
788,"airbnb-cash-flow-for-families","airbnb cash flow for families","Airbnb Cash Flow For Families: Complete 2026 Guide",passive_income,informational,P3,22,medium,low,pending
789,"airbnb-cash-flow-for-remote-workers","airbnb cash flow for remote workers","Airbnb Cash Flow For Remote Workers: Complete 2026 Guide",passive_income,informational,P3,22,low,low,pending
790,"airbnb-cash-flow-for-operators","airbnb cash flow for operators","Airbnb Cash Flow For Operators: Complete 2026 Guide",passive_income,informational,P3,22,medium,low,pending
791,"airbnb-cash-flow-for-career-switchers","airbnb cash flow for career switchers","Airbnb Cash Flow For Career Switchers: Complete 2026 Guide",passive_income,informational,P3,22,low,low,pending
792,"airbnb-cash-flow-vs-index-funds","airbnb cash flow vs index funds","Airbnb Cash Flow vs Index Funds: Which Strategy Works Better in 2026?",passive_income,comparison,P3,22,low,low,pending
793,"airbnb-cash-flow-vs-reits","airbnb cash flow vs reits","Airbnb Cash Flow vs Reits: Which Strategy Works Better in 2026?",passive_income,comparison,P3,22,medium,low,pending
794,"airbnb-cash-flow-for-beginners","airbnb cash flow for beginners","Airbnb Cash Flow For Beginners: Complete 2026 Guide",passive_income,informational,P3,22,medium,low,pending
795,"airbnb-cash-flow-for-high-earners","airbnb cash flow for high earners","Airbnb Cash Flow For High Earners: Complete 2026 Guide",passive_income,informational,P3,22,low,low,pending
796,"airbnb-cash-flow-for-small-business-owners","airbnb cash flow for small business owners","Airbnb Cash Flow For Small Business Owners: Complete 2026 Guide",passive_income,informational,P3,22,low,low,pending
797,"airbnb-pricing-strategy-for-beginners","airbnb pricing strategy for beginners","Airbnb Pricing Strategy For Beginners: Complete 2026 Guide",airbnb_arbitrage,informational,P3,22,medium,low,pending
798,"airbnb-pricing-strategy-for-full-time-employees","airbnb pricing strategy for full time employees","Airbnb Pricing Strategy For Full Time Employees: Complete 2026 Guide",airbnb_arbitrage,informational,P3,22,low,low,pending
799,"airbnb-pricing-strategy-for-real-estate-investors","airbnb pricing strategy for real estate investors","Airbnb Pricing Strategy For Real Estate Investors: Complete 2026 Guide",airbnb_arbitrage,informational,P3,22,low,low,pending
800,"airbnb-pricing-strategy-for-hosts","airbnb pricing strategy for hosts","Airbnb Pricing Strategy For Hosts: Complete 2026 Guide",airbnb_arbitrage,informational,P3,22,medium,low,pending
801,"airbnb-pricing-strategy-for-side-hustlers","airbnb pricing strategy for side hustlers","Airbnb Pricing Strategy For Side Hustlers: Complete 2026 Guide",airbnb_arbitrage,informational,P3,22,low,low,pending
802,"airbnb-pricing-strategy-for-operators","airbnb pricing strategy for operators","Airbnb Pricing Strategy For Operators: Complete 2026 Guide",airbnb_arbitrage,informational,P3,22,medium,low,pending
803,"airbnb-pricing-strategy-vs-long-term-rentals","airbnb pricing strategy vs long term rentals","Airbnb Pricing Strategy vs Long Term Rentals: Which Strategy Works Better in 2026?",airbnb_arbitrage,comparison,P3,22,low,low,pending
804,"airbnb-pricing-strategy-vs-mid-term-rentals","airbnb pricing strategy vs mid term rentals","Airbnb Pricing Strategy vs Mid Term Rentals: Which Strategy Works Better in 2026?",airbnb_arbitrage,comparison,P3,22,low,low,pending
805,"airbnb-pricing-strategy-vs-co-hosting","airbnb pricing strategy vs co hosting","Airbnb Pricing Strategy vs Co Hosting: Which Strategy Works Better in 2026?",airbnb_arbitrage,comparison,P3,22,low,low,pending
806,"airbnb-pricing-strategy-vs-property-management","airbnb pricing strategy vs property management","Airbnb Pricing Strategy vs Property Management: Which Strategy Works Better in 2026?",airbnb_arbitrage,comparison,P3,22,low,low,pending
807,"airbnb-pricing-strategy-vs-direct-booking","airbnb pricing strategy vs direct booking","Airbnb Pricing Strategy vs Direct Booking: Which Strategy Works Better in 2026?",airbnb_arbitrage,comparison,P3,22,low,low,pending
808,"airbnb-occupancy-strategy-for-beginners","airbnb occupancy strategy for beginners","Airbnb Occupancy Strategy For Beginners: Complete 2026 Guide",airbnb_arbitrage,informational,P3,22,medium,low,pending
809,"airbnb-occupancy-strategy-for-full-time-employees","airbnb occupancy strategy for full time employees","Airbnb Occupancy Strategy For Full Time Employees: Complete 2026 Guide",airbnb_arbitrage,informational,P3,22,low,low,pending
810,"airbnb-occupancy-strategy-for-real-estate-investors","airbnb occupancy strategy for real estate investors","Airbnb Occupancy Strategy For Real Estate Investors: Complete 2026 Guide",airbnb_arbitrage,informational,P3,22,low,low,pending
811,"airbnb-occupancy-strategy-for-hosts","airbnb occupancy strategy for hosts","Airbnb Occupancy Strategy For Hosts: Complete 2026 Guide",airbnb_arbitrage,informational,P3,22,medium,low,pending
812,"airbnb-occupancy-strategy-for-side-hustlers","airbnb occupancy strategy for side hustlers","Airbnb Occupancy Strategy For Side Hustlers: Complete 2026 Guide",airbnb_arbitrage,informational,P3,22,low,low,pending
813,"airbnb-occupancy-strategy-for-operators","airbnb occupancy strategy for operators","Airbnb Occupancy Strategy For Operators: Complete 2026 Guide",airbnb_arbitrage,informational,P3,22,medium,low,pending
814,"airbnb-occupancy-strategy-vs-long-term-rentals","airbnb occupancy strategy vs long term rentals","Airbnb Occupancy Strategy vs Long Term Rentals: Which Strategy Works Better in 2026?",airbnb_arbitrage,comparison,P3,22,low,low,pending
815,"airbnb-occupancy-strategy-vs-mid-term-rentals","airbnb occupancy strategy vs mid term rentals","Airbnb Occupancy Strategy vs Mid Term Rentals: Which Strategy Works Better in 2026?",airbnb_arbitrage,comparison,P3,22,low,low,pending
816,"airbnb-occupancy-strategy-vs-co-hosting","airbnb occupancy strategy vs co hosting","Airbnb Occupancy Strategy vs Co Hosting: Which Strategy Works Better in 2026?",airbnb_arbitrage,comparison,P3,22,low,low,pending
817,"airbnb-occupancy-strategy-vs-property-management","airbnb occupancy strategy vs property management","Airbnb Occupancy Strategy vs Property Management: Which Strategy Works Better in 2026?",airbnb_arbitrage,comparison,P3,22,low,low,pending
818,"airbnb-occupancy-strategy-vs-direct-booking","airbnb occupancy strategy vs direct booking","Airbnb Occupancy Strategy vs Direct Booking: Which Strategy Works Better in 2026?",airbnb_arbitrage,comparison,P3,22,low,low,pending
819,"retirement-income-plan-2026","retirement income plan 2026","Retirement Income Plan 2026: Complete 2026 Guide",retirement,informational,P3,21,medium,low,pending
820,"roth-ira-guide-for-beginners","roth ira guide for beginners","Roth Ira Guide For Beginners: Complete 2026 Guide",retirement,informational,P3,20,medium,low,pending
821,"best-401k-investments-for-young-adults","best 401k investments for young adults","Best 401k Investments For Young Adults: Complete 2026 Guide",retirement,commercial,P3,20,low,low,pending
822,"best-401k-investments-for-50-year-old","best 401k investments for 50 year old","Best 401k Investments For 50 Year Old: Complete 2026 Guide",retirement,commercial,P3,20,low,low,pending
823,"best-401k-investments-for-40-year-old","best 401k investments for 40 year old","Best 401k Investments For 40 Year Old: Complete 2026 Guide",retirement,commercial,P3,20,low,low,pending
824,"best-401k-investments-for-30-year-old","best 401k investments for 30 year old","Best 401k Investments For 30 Year Old: Complete 2026 Guide",retirement,commercial,P3,20,low,low,pending
825,"best-roth-ira-strategy","best roth ira strategy","Best Roth Ira Strategy: Complete 2026 Guide",retirement,commercial,P3,20,medium,low,pending
826,"best-ira-investment-strategy","best ira investment strategy","Best Ira Investment Strategy: Complete 2026 Guide",retirement,commercial,P3,20,medium,low,pending
827,"best-fidelity-roth-ira-strategy","best fidelity roth ira strategy","Best Fidelity Roth Ira Strategy: Complete 2026 Guide",retirement,commercial,P3,20,medium,low,pending
828,"best-roth-ira-investment-strategy","best roth ira investment strategy","Best Roth Ira Investment Strategy: Complete 2026 Guide",retirement,commercial,P3,20,medium,low,pending
829,"best-roth-ira-conversion-strategy","best roth ira conversion strategy","Best Roth Ira Conversion Strategy: Complete 2026 Guide",retirement,commercial,P3,20,medium,low,pending
830,"irish-republican-army-strategy-and-tactics","irish republican army strategy and tactics","Irish Republican Army Strategy And Tactics: Complete 2026 Guide",retirement,informational,P3,20,low,low,pending
831,"401k-strategy-by-age","401k strategy by age","401k Strategy By Age: Complete 2026 Guide",retirement,informational,P3,20,medium,low,pending
832,"401k-strategy-under-trump","401k strategy under trump","401k Strategy Under Trump: Complete 2026 Guide",retirement,informational,P3,20,medium,low,pending
833,"401k-investment-strategy-by-age","401k investment strategy by age","401k Investment Strategy By Age: Complete 2026 Guide",retirement,informational,P3,20,medium,low,pending
834,"roth-ira-vs-401k","roth ira vs 401k","Roth Ira vs 401k: Which Strategy Works Better in 2026?",retirement,comparison,P3,20,medium,low,pending
835,"roth-ira-vs-traditional-ira","roth ira vs traditional ira","Roth Ira vs Traditional Ira: Which Strategy Works Better in 2026?",retirement,comparison,P3,20,medium,low,pending
836,"best-roth-ira-accounts-for-beginners","best roth ira accounts for beginners","Best Roth Ira Accounts For Beginners: Complete 2026 Guide",retirement,commercial,P3,20,low,low,pending
837,"roth-ira-for-dummies","roth ira for dummies","Roth Ira For Dummies: Complete 2026 Guide",retirement,informational,P3,20,medium,low,pending
838,"how-roth-ira-works-for-beginners","how roth ira works for beginners","How Roth Ira Works For Beginners: Complete 2026 Guide",retirement,informational,P3,20,low,low,pending
839,"required-minimum-distributions-calculator","required minimum distributions calculator","Required Minimum Distributions Calculator: Practical Guide + Examples",retirement,commercial,P3,20,medium,low,pending
840,"what-are-required-minimum-distributions-for-401k","what are required minimum distributions for 401k","What Are Required Minimum Distributions For 401k: Complete 2026 Guide",retirement,informational,P3,20,low,low,pending
841,"what-are-required-minimum-distributions-for-ira","what are required minimum distributions for ira","What Are Required Minimum Distributions For Ira: Complete 2026 Guide",retirement,informational,P3,20,low,low,pending
842,"required-minimum-distribution-for-dummies","required minimum distribution for dummies","Required Minimum Distribution For Dummies: Complete 2026 Guide",retirement,informational,P3,20,medium,low,pending
843,"social-security-claiming-strategies-for-married-couples","social security claiming strategies for married couples","Social Security Claiming Strategies For Married Couples: Complete 2026 Guide",retirement,informational,P3,20,low,low,pending
844,"social-security-claiming-strategies-for-couples","social security claiming strategies for couples","Social Security Claiming Strategies For Couples: Complete 2026 Guide",retirement,informational,P3,20,low,low,pending
845,"social-security-claiming-calculator","social security claiming calculator","Social Security Claiming Calculator: Practical Guide + Examples",retirement,commercial,P3,20,medium,low,pending
846,"social-security-claiming-age-calculator","social security claiming age calculator","Social Security Claiming Age Calculator: Practical Guide + Examples",retirement,commercial,P3,20,medium,low,pending
847,"best-social-security-claiming-strategies-for-married-couples","best social security claiming strategies for married couples","Best Social Security Claiming Strategies For Married Couples: Complete 2026 Guide",retirement,commercial,P3,20,low,low,pending
848,"sequence-of-returns-risk-calculator","sequence of returns risk calculator","Sequence Of Returns Risk Calculator: Practical Guide + Examples",retirement,commercial,P3,20,medium,low,pending
849,"annuities-vs-bond-ladder","annuities vs bond ladder","Annuities vs Bond Ladder: Which Strategy Works Better in 2026?",retirement,comparison,P3,20,medium,low,pending
850,"annuities-vs-bond-funds","annuities vs bond funds","Annuities vs Bond Funds: Which Strategy Works Better in 2026?",retirement,comparison,P3,20,medium,low,pending
851,"annuities-vs-treasury-bonds","annuities vs treasury bonds","Annuities vs Treasury Bonds: Which Strategy Works Better in 2026?",retirement,comparison,P3,20,medium,low,pending
852,"fixed-annuities-vs-bonds","fixed annuities vs bonds","Fixed Annuities vs Bonds: Which Strategy Works Better in 2026?",retirement,comparison,P3,20,medium,low,pending
853,"indexed-annuities-vs-bonds-cds","indexed annuities vs bonds cds","Indexed Annuities vs Bonds Cds: Which Strategy Works Better in 2026?",retirement,comparison,P3,20,medium,low,pending
854,"annuity-vs-municipal-bonds","annuity vs municipal bonds","Annuity vs Municipal Bonds: Which Strategy Works Better in 2026?",retirement,comparison,P3,20,medium,low,pending
855,"ira-strategy-step-by-step","ira strategy step by step","Ira Strategy Step By Step: Complete 2026 Guide",retirement,informational,P3,20,medium,low,pending
856,"ira-strategy-mistakes-to-avoid","ira strategy mistakes to avoid","Ira Strategy Mistakes To Avoid: Complete 2026 Guide",retirement,informational,P3,20,medium,low,pending
857,"roth-ira-for-pre-retirees","roth ira for pre retirees","Roth Ira For Pre Retirees: Complete 2026 Guide",retirement,informational,P3,20,medium,low,pending
858,"roth-ira-for-early-retirees","roth ira for early retirees","Roth Ira For Early Retirees: Complete 2026 Guide",retirement,informational,P3,20,medium,low,pending
859,"roth-ira-for-government-employees","roth ira for government employees","Roth Ira For Government Employees: Complete 2026 Guide",retirement,informational,P3,20,medium,low,pending
860,"reasonable-salary-increase-for-promotion","reasonable salary increase for promotion","Reasonable Salary Increase For Promotion: Complete 2026 Guide",business_structures,informational,P3,20,medium,low,pending
861,"holding-company-vs-trust","holding company vs trust","Holding Company vs Trust: Which Strategy Works Better in 2026?",business_structures,comparison,P3,20,medium,low,pending
862,"investment-company-for-beginners","investment company for beginners","Investment Company For Beginners: Complete 2026 Guide",business_structures,informational,P3,20,medium,low,pending
863,"holding-company-for-dummies","holding company for dummies","Holding Company For Dummies: Complete 2026 Guide",business_structures,informational,P3,20,medium,low,pending
864,"operating-agreement-for-corporation","operating agreement for corporation","Operating Agreement For Corporation: Complete 2026 Guide",business_structures,informational,P3,20,medium,low,pending
865,"best-operating-agreement-template","best operating agreement template","Best Operating Agreement Template: Practical Guide + Examples",business_structures,commercial,P3,20,medium,low,pending
866,"best-free-operating-agreement-template","best free operating agreement template","Best Free Operating Agreement Template: Practical Guide + Examples",business_structures,commercial,P3,20,medium,low,pending
867,"business-succession-planning-template","business succession planning template","Business Succession Planning Template: Practical Guide + Examples",business_structures,commercial,P3,20,medium,low,pending
868,"business-succession-planning-checklist","business succession planning checklist","Business Succession Planning Checklist: Practical Guide + Examples",business_structures,informational,P3,20,medium,low,pending
869,"business-succession-planning-for-dummies","business succession planning for dummies","Business Succession Planning For Dummies: Complete 2026 Guide",business_structures,informational,P3,20,medium,low,pending
870,"reasonable-salary-for-freelancers","reasonable salary for freelancers","Reasonable Salary For Freelancers: Complete 2026 Guide",business_structures,informational,P3,20,medium,low,pending
871,"reasonable-salary-for-agency-owners","reasonable salary for agency owners","Reasonable Salary For Agency Owners: Complete 2026 Guide",business_structures,informational,P3,20,medium,low,pending
872,"reasonable-salary-for-ecommerce-founders","reasonable salary for ecommerce founders","Reasonable Salary For Ecommerce Founders: Complete 2026 Guide",business_structures,informational,P3,20,medium,low,pending
873,"reasonable-salary-for-real-estate-operators","reasonable salary for real estate operators","Reasonable Salary For Real Estate Operators: Complete 2026 Guide",business_structures,informational,P3,20,low,low,pending
874,"reasonable-salary-for-service-businesses","reasonable salary for service businesses","Reasonable Salary For Service Businesses: Complete 2026 Guide",business_structures,informational,P3,20,medium,low,pending
875,"reasonable-salary-for-consultants","reasonable salary for consultants","Reasonable Salary For Consultants: Complete 2026 Guide",business_structures,informational,P3,20,medium,low,pending
876,"reasonable-salary-vs-sole-proprietorship","reasonable salary vs sole proprietorship","Reasonable Salary vs Sole Proprietorship: Which Strategy Works Better in 2026?",business_structures,comparison,P3,20,medium,low,pending
877,"reasonable-salary-vs-partnership","reasonable salary vs partnership","Reasonable Salary vs Partnership: Which Strategy Works Better in 2026?",business_structures,comparison,P3,20,medium,low,pending
878,"reasonable-salary-vs-c-corp","reasonable salary vs c corp","Reasonable Salary vs C Corp: Which Strategy Works Better in 2026?",business_structures,comparison,P3,20,medium,low,pending
879,"reasonable-salary-vs-trust-structure","reasonable salary vs trust structure","Reasonable Salary vs Trust Structure: Which Strategy Works Better in 2026?",business_structures,comparison,P3,20,medium,low,pending
880,"reasonable-salary-for-beginners","reasonable salary for beginners","Reasonable Salary For Beginners: Complete 2026 Guide",business_structures,informational,P3,20,medium,low,pending
881,"reasonable-salary-for-high-earners","reasonable salary for high earners","Reasonable Salary For High Earners: Complete 2026 Guide",business_structures,informational,P3,20,medium,low,pending
882,"reasonable-salary-for-small-business-owners","reasonable salary for small business owners","Reasonable Salary For Small Business Owners: Complete 2026 Guide",business_structures,informational,P3,20,low,low,pending
883,"reasonable-salary-best-strategy","reasonable salary best strategy","Reasonable Salary Best Strategy: Complete 2026 Guide",business_structures,commercial,P3,20,medium,low,pending
884,"holding-company-for-freelancers","holding company for freelancers","Holding Company For Freelancers: Complete 2026 Guide",business_structures,informational,P3,20,medium,low,pending
885,"holding-company-for-agency-owners","holding company for agency owners","Holding Company For Agency Owners: Complete 2026 Guide",business_structures,informational,P3,20,medium,low,pending
886,"holding-company-for-ecommerce-founders","holding company for ecommerce founders","Holding Company For Ecommerce Founders: Complete 2026 Guide",business_structures,informational,P3,20,medium,low,pending
887,"holding-company-for-real-estate-operators","holding company for real estate operators","Holding Company For Real Estate Operators: Complete 2026 Guide",business_structures,informational,P3,20,low,low,pending
888,"holding-company-for-service-businesses","holding company for service businesses","Holding Company For Service Businesses: Complete 2026 Guide",business_structures,informational,P3,20,medium,low,pending
889,"holding-company-for-consultants","holding company for consultants","Holding Company For Consultants: Complete 2026 Guide",business_structures,informational,P3,20,medium,low,pending
890,"holding-company-vs-sole-proprietorship","holding company vs sole proprietorship","Holding Company vs Sole Proprietorship: Which Strategy Works Better in 2026?",business_structures,comparison,P3,20,medium,low,pending
891,"dividend-growth-investing-and-retirement","dividend growth investing and retirement","Dividend Growth Investing And Retirement: Complete 2026 Guide",investing,informational,P3,20,medium,low,pending
892,"airbnb-startup-cost-tax-deductible","airbnb startup cost tax deductible","Airbnb Startup Cost Tax Deductible: Complete 2026 Guide",airbnb_arbitrage,informational,P3,20,medium,low,pending
893,"airbnb-arbitrage-tax-implications","airbnb arbitrage tax implications","Airbnb Arbitrage Tax Implications: Complete 2026 Guide",airbnb_arbitrage,informational,P3,20,medium,low,pending
894,"short-term-rental-setup-tax-implications","short term rental setup tax implications","Short Term Rental Setup Tax Implications: Complete 2026 Guide",airbnb_arbitrage,informational,P3,20,low,low,pending
895,"airbnb-landlord-pitch-tax-implications","airbnb landlord pitch tax implications","Airbnb Landlord Pitch Tax Implications: Complete 2026 Guide",airbnb_arbitrage,informational,P3,20,medium,low,pending
896,"airbnb-automation-tax-implications","airbnb automation tax implications","Airbnb Automation Tax Implications: Complete 2026 Guide",airbnb_arbitrage,informational,P3,20,medium,low,pending
897,"airbnb-startup-costs-tax-implications","airbnb startup costs tax implications","Airbnb Startup Costs Tax Implications: Complete 2026 Guide",airbnb_arbitrage,informational,P3,20,medium,low,pending
898,"airbnb-market-analysis-tax-implications","airbnb market analysis tax implications","Airbnb Market Analysis Tax Implications: Complete 2026 Guide",airbnb_arbitrage,informational,P3,20,medium,low,pending
899,"airbnb-compliance-tax-implications","airbnb compliance tax implications","Airbnb Compliance Tax Implications: Complete 2026 Guide",airbnb_arbitrage,informational,P3,20,medium,low,pending
900,"what-asset-allocation-by-age","what asset allocation by age","What Asset Allocation By Age: Complete 2026 Guide",investing,informational,P3,17,medium,low,pending
901,"what-s-asset-allocation","what s asset allocation","What S Asset Allocation: Complete 2026 Guide",investing,informational,P3,17,medium,low,pending
902,"how-is-multi-asset-allocation-fund","how is multi asset allocation fund","How Is Multi Asset Allocation Fund: Complete 2026 Guide",investing,informational,P3,17,low,low,pending
903,"how-is-dsp-multi-asset-allocation-fund","how is dsp multi asset allocation fund","How Is Dsp Multi Asset Allocation Fund: Complete 2026 Guide",investing,informational,P3,17,low,low,pending
904,"how-is-sbi-multi-asset-allocation-fund","how is sbi multi asset allocation fund","How Is Sbi Multi Asset Allocation Fund: Complete 2026 Guide",investing,informational,P3,17,low,low,pending
905,"index-funds-for-beginners","index funds for beginners","Index Funds For Beginners: Complete 2026 Guide",investing,informational,P3,17,medium,low,pending
906,"are-index-funds-good-for-beginners","are index funds good for beginners","Are Index Funds Good For Beginners: Complete 2026 Guide",investing,informational,P3,17,low,low,pending
907,"what-are-exchange-traded-funds-vs-mutual-funds","what are exchange traded funds vs mutual funds","What Are Exchange Traded Funds vs Mutual Funds: Which Strategy Works Better in 2026?",investing,comparison,P3,17,low,low,pending
908,"etf-vs-mutual-funds-pros-and-cons","etf vs mutual funds pros and cons","Etf vs Mutual Funds Pros And Cons: Which Strategy Works Better in 2026?",investing,comparison,P3,17,low,low,pending
909,"best-etf-or-mutual-fund-for-roth-ira","best etf or mutual fund for roth ira","Best Etf Or Mutual Fund For Roth Ira: Complete 2026 Guide",investing,commercial,P3,17,low,low,pending
910,"best-etf-or-mutual-fund-for-ai","best etf or mutual fund for ai","Best Etf Or Mutual Fund For Ai: Complete 2026 Guide",investing,commercial,P3,17,low,low,pending
911,"best-dividend-growth-stocks-for-2025","best dividend growth stocks for 2025","Best Dividend Growth Stocks For 2025: Complete 2026 Guide",investing,commercial,P3,17,low,low,pending
912,"best-dividend-growth-stocks-for-long-term","best dividend growth stocks for long term","Best Dividend Growth Stocks For Long Term: Complete 2026 Guide",investing,commercial,P3,17,low,low,pending
913,"etf-vs-fof-which-is-better","etf vs fof which is better","Etf vs Fof Which Is Better: Which Strategy Works Better in 2026?",investing,comparison,P3,17,low,low,pending
914,"difference-between-etf-vs-mutual-funds","difference between etf vs mutual funds","Difference Between Etf vs Mutual Funds: Which Strategy Works Better in 2026?",investing,comparison,P3,17,low,low,pending
915,"best-practices-for-portfolio-rebalancing","best practices for portfolio rebalancing","Best Practices For Portfolio Rebalancing: Complete 2026 Guide",investing,commercial,P3,17,medium,low,pending
916,"best-practices-for-portfolio-rebalancing-vanguard","best practices for portfolio rebalancing vanguard","Best Practices For Portfolio Rebalancing Vanguard: Complete 2026 Guide",investing,commercial,P3,17,low,low,pending
917,"best-platform-for-portfolio-rebalancing","best platform for portfolio rebalancing","Best Platform For Portfolio Rebalancing: Complete 2026 Guide",investing,commercial,P3,17,medium,low,pending
918,"best-practices-for-portfolio-rebalancing-vanguard-research","best practices for portfolio rebalancing vanguard research","Best Practices For Portfolio Rebalancing Vanguard Research: Complete 2026 Guide",investing,commercial,P3,17,low,low,pending
919,"best-robo-advisor-for-portfolio-rebalancing","best robo advisor for portfolio rebalancing","Best Robo Advisor For Portfolio Rebalancing: Complete 2026 Guide",investing,commercial,P3,17,low,low,pending
920,"portfolio-rebalancing-software-for-individuals","portfolio rebalancing software for individuals","Portfolio Rebalancing Software For Individuals: Complete 2026 Guide",investing,informational,P3,17,medium,low,pending
921,"portfolio-rebalancing-calculator-excel","portfolio rebalancing calculator excel","Portfolio Rebalancing Calculator Excel: Practical Guide + Examples",investing,commercial,P3,17,medium,low,pending
922,"investment-fees-comparison-calculator","investment fees comparison calculator","Investment Fees Comparison Calculator: Practical Guide + Examples",investing,commercial,P3,17,medium,low,pending
923,"best-international-fund-for-diversification","best international fund for diversification","Best International Fund For Diversification: Complete 2026 Guide",investing,commercial,P3,17,medium,low,pending
924,"bond-ladders-vs-bond-funds","bond ladders vs bond funds","Bond Ladders vs Bond Funds: Which Strategy Works Better in 2026?",investing,comparison,P3,17,medium,low,pending
925,"best-bond-ladder-strategy","best bond ladder strategy","Best Bond Ladder Strategy: Complete 2026 Guide",investing,commercial,P3,17,medium,low,pending
926,"bond-ladder-vs-cd-ladder","bond ladder vs cd ladder","Bond Ladder vs Cd Ladder: Which Strategy Works Better in 2026?",investing,comparison,P3,17,medium,low,pending
927,"portfolio-rebalancing-for-beginners","portfolio rebalancing for beginners","Portfolio Rebalancing For Beginners: Complete 2026 Guide",investing,informational,P3,17,medium,low,pending
928,"portfolio-rebalancing-for-high-earners","portfolio rebalancing for high earners","Portfolio Rebalancing For High Earners: Complete 2026 Guide",investing,informational,P3,17,medium,low,pending
929,"portfolio-rebalancing-for-busy-professionals","portfolio rebalancing for busy professionals","Portfolio Rebalancing For Busy Professionals: Complete 2026 Guide",investing,informational,P3,17,medium,low,pending
930,"portfolio-rebalancing-for-parents","portfolio rebalancing for parents","Portfolio Rebalancing For Parents: Complete 2026 Guide",investing,informational,P3,17,medium,low,pending
931,"portfolio-rebalancing-for-late-starters","portfolio rebalancing for late starters","Portfolio Rebalancing For Late Starters: Complete 2026 Guide",investing,informational,P3,17,medium,low,pending
932,"portfolio-rebalancing-for-entrepreneurs","portfolio rebalancing for entrepreneurs","Portfolio Rebalancing For Entrepreneurs: Complete 2026 Guide",investing,informational,P3,17,medium,low,pending
933,"portfolio-rebalancing-vs-target-date-funds","portfolio rebalancing vs target date funds","Portfolio Rebalancing vs Target Date Funds: Which Strategy Works Better in 2026?",investing,comparison,P3,17,low,low,pending
934,"portfolio-rebalancing-vs-robo-advisors","portfolio rebalancing vs robo advisors","Portfolio Rebalancing vs Robo Advisors: Which Strategy Works Better in 2026?",investing,comparison,P3,17,medium,low,pending
935,"portfolio-rebalancing-vs-active-funds","portfolio rebalancing vs active funds","Portfolio Rebalancing vs Active Funds: Which Strategy Works Better in 2026?",investing,comparison,P3,17,medium,low,pending
936,"portfolio-rebalancing-vs-real-estate-syndication","portfolio rebalancing vs real estate syndication","Portfolio Rebalancing vs Real Estate Syndication: Which Strategy Works Better in 2026?",investing,comparison,P3,17,low,low,pending
937,"portfolio-rebalancing-vs-private-credit","portfolio rebalancing vs private credit","Portfolio Rebalancing vs Private Credit: Which Strategy Works Better in 2026?",investing,comparison,P3,17,medium,low,pending
938,"portfolio-rebalancing-for-small-business-owners","portfolio rebalancing for small business owners","Portfolio Rebalancing For Small Business Owners: Complete 2026 Guide",investing,informational,P3,17,low,low,pending
939,"portfolio-rebalancing-best-strategy","portfolio rebalancing best strategy","Portfolio Rebalancing Best Strategy: Complete 2026 Guide",investing,commercial,P3,17,medium,low,pending
940,"investment-fees-for-beginners","investment fees for beginners","Investment Fees For Beginners: Complete 2026 Guide",investing,informational,P3,17,medium,low,pending
941,"investment-fees-for-high-earners","investment fees for high earners","Investment Fees For High Earners: Complete 2026 Guide",investing,informational,P3,17,medium,low,pending
942,"investment-fees-for-busy-professionals","investment fees for busy professionals","Investment Fees For Busy Professionals: Complete 2026 Guide",investing,informational,P3,17,medium,low,pending
943,"investment-fees-for-parents","investment fees for parents","Investment Fees For Parents: Complete 2026 Guide",investing,informational,P3,17,medium,low,pending
944,"investment-fees-for-late-starters","investment fees for late starters","Investment Fees For Late Starters: Complete 2026 Guide",investing,informational,P3,17,medium,low,pending
945,"investment-fees-for-entrepreneurs","investment fees for entrepreneurs","Investment Fees For Entrepreneurs: Complete 2026 Guide",investing,informational,P3,17,medium,low,pending
946,"investment-fees-vs-target-date-funds","investment fees vs target date funds","Investment Fees vs Target Date Funds: Which Strategy Works Better in 2026?",investing,comparison,P3,17,low,low,pending
947,"investment-fees-vs-robo-advisors","investment fees vs robo advisors","Investment Fees vs Robo Advisors: Which Strategy Works Better in 2026?",investing,comparison,P3,17,medium,low,pending
948,"investment-fees-vs-active-funds","investment fees vs active funds","Investment Fees vs Active Funds: Which Strategy Works Better in 2026?",investing,comparison,P3,17,medium,low,pending
949,"investment-fees-vs-real-estate-syndication","investment fees vs real estate syndication","Investment Fees vs Real Estate Syndication: Which Strategy Works Better in 2026?",investing,comparison,P3,17,low,low,pending
950,"investment-fees-vs-private-credit","investment fees vs private credit","Investment Fees vs Private Credit: Which Strategy Works Better in 2026?",investing,comparison,P3,17,medium,low,pending
951,"investment-fees-for-small-business-owners","investment fees for small business owners","Investment Fees For Small Business Owners: Complete 2026 Guide",investing,informational,P3,17,low,low,pending
952,"investment-fees-best-strategy","investment fees best strategy","Investment Fees Best Strategy: Complete 2026 Guide",investing,commercial,P3,17,medium,low,pending
953,"international-diversification-for-beginners","international diversification for beginners","International Diversification For Beginners: Complete 2026 Guide",investing,informational,P3,17,medium,low,pending
954,"international-diversification-for-high-earners","international diversification for high earners","International Diversification For High Earners: Complete 2026 Guide",investing,informational,P3,17,medium,low,pending
955,"international-diversification-for-busy-professionals","international diversification for busy professionals","International Diversification For Busy Professionals: Complete 2026 Guide",investing,informational,P3,17,medium,low,pending
956,"international-diversification-for-parents","international diversification for parents","International Diversification For Parents: Complete 2026 Guide",investing,informational,P3,17,medium,low,pending
957,"international-diversification-for-late-starters","international diversification for late starters","International Diversification For Late Starters: Complete 2026 Guide",investing,informational,P3,17,medium,low,pending
958,"international-diversification-for-entrepreneurs","international diversification for entrepreneurs","International Diversification For Entrepreneurs: Complete 2026 Guide",investing,informational,P3,17,medium,low,pending
959,"international-diversification-vs-target-date-funds","international diversification vs target date funds","International Diversification vs Target Date Funds: Which Strategy Works Better in 2026?",investing,comparison,P3,17,low,low,pending
960,"international-diversification-vs-robo-advisors","international diversification vs robo advisors","International Diversification vs Robo Advisors: Which Strategy Works Better in 2026?",investing,comparison,P3,17,medium,low,pending
961,"international-diversification-vs-active-funds","international diversification vs active funds","International Diversification vs Active Funds: Which Strategy Works Better in 2026?",investing,comparison,P3,17,medium,low,pending
962,"international-diversification-vs-real-estate-syndication","international diversification vs real estate syndication","International Diversification vs Real Estate Syndication: Which Strategy Works Better in 2026?",investing,comparison,P3,17,low,low,pending
963,"international-diversification-vs-private-credit","international diversification vs private credit","International Diversification vs Private Credit: Which Strategy Works Better in 2026?",investing,comparison,P3,17,medium,low,pending
964,"international-diversification-for-small-business-owners","international diversification for small business owners","International Diversification For Small Business Owners: Complete 2026 Guide",investing,informational,P3,17,low,low,pending
965,"international-diversification-best-strategy","international diversification best strategy","International Diversification Best Strategy: Complete 2026 Guide",investing,commercial,P3,17,medium,low,pending
966,"balance-transfer-for-dummies","balance transfer for dummies","Balance Transfer For Dummies: Complete 2026 Guide",debt_management,informational,P3,17,medium,low,pending
967,"balance-transfer-credit-card-for-bad-credit","balance transfer credit card for bad credit","Balance Transfer Credit Card For Bad Credit: Complete 2026 Guide",debt_management,informational,P3,17,low,low,pending
968,"best-balance-transfer-cards-for-fair-credit","best balance transfer cards for fair credit","Best Balance Transfer Cards For Fair Credit: Complete 2026 Guide",debt_management,commercial,P3,17,low,low,pending
969,"house-hacking-for-dummies","house hacking for dummies","House Hacking For Dummies: Complete 2026 Guide",passive_income,informational,P3,17,medium,low,pending
970,"daily-life-hacks-for-home","daily life hacks for home","Daily Life Hacks For Home: Complete 2026 Guide",passive_income,informational,P3,17,medium,low,pending
971,"best-mortgage-for-brrrr-method","best mortgage for brrrr method","Best Mortgage For Brrrr Method: Complete 2026 Guide",passive_income,commercial,P3,17,medium,low,pending
972,"best-loans-for-brrrr-method","best loans for brrrr method","Best Loans For Brrrr Method: Complete 2026 Guide",passive_income,commercial,P3,17,medium,low,pending
973,"best-cities-for-brrrr-method","best cities for brrrr method","Best Cities For Brrrr Method: Complete 2026 Guide",passive_income,commercial,P3,17,medium,low,pending
974,"best-states-for-brrrr-method","best states for brrrr method","Best States For Brrrr Method: Complete 2026 Guide",passive_income,commercial,P3,17,medium,low,pending
975,"brrrr-method-for-beginners","brrrr method for beginners","Brrrr Method For Beginners: Complete 2026 Guide",passive_income,informational,P3,17,medium,low,pending
976,"brrrr-method-for-dummies","brrrr method for dummies","Brrrr Method For Dummies: Complete 2026 Guide",passive_income,informational,P3,17,medium,low,pending
977,"atm-business-for-sale","atm business for sale","Atm Business For Sale: Complete 2026 Guide",passive_income,informational,P3,17,medium,low,pending
978,"atm-business-for-sale-houston","atm business for sale houston","Atm Business For Sale Houston: Complete 2026 Guide",passive_income,informational,P3,17,medium,low,pending
979,"best-vending-machine-business-for-sale","best vending machine business for sale","Best Vending Machine Business For Sale: Complete 2026 Guide",passive_income,commercial,P3,17,low,low,pending
980,"atm-business-for-beginners","atm business for beginners","Atm Business For Beginners: Complete 2026 Guide",passive_income,informational,P3,17,medium,low,pending
981,"vending-machine-business-for-beginners","vending machine business for beginners","Vending Machine Business For Beginners: Complete 2026 Guide",passive_income,informational,P3,17,medium,low,pending
982,"atm-business-for-dummies","atm business for dummies","Atm Business For Dummies: Complete 2026 Guide",passive_income,informational,P3,17,medium,low,pending
983,"how-to-invest-in-royalty-income-for-beginners","how to invest in royalty income for beginners","How To Invest In Royalty Income For Beginners: Complete 2026 Guide",passive_income,informational,P3,17,low,low,pending
984,"digital-products-for-beginners","digital products for beginners","Digital Products For Beginners: Complete 2026 Guide",passive_income,informational,P3,17,medium,low,pending
985,"short-term-rental-set-up-checklist","short term rental set up checklist","Short Term Rental Set Up Checklist: Practical Guide + Examples",airbnb_arbitrage,informational,P3,15,low,low,pending
986,"best-cities-for-airbnb-arbitrage","best cities for airbnb arbitrage","Best Cities For Airbnb Arbitrage: Complete 2026 Guide",airbnb_arbitrage,commercial,P3,15,medium,low,pending
987,"best-cities-for-airbnb-arbitrage-2025","best cities for airbnb arbitrage 2025","Best Cities For Airbnb Arbitrage 2025: Complete 2026 Guide",airbnb_arbitrage,commercial,P3,15,low,low,pending
988,"best-markets-for-airbnb-arbitrage-2025","best markets for airbnb arbitrage 2025","Best Markets For Airbnb Arbitrage 2025: Complete 2026 Guide",airbnb_arbitrage,commercial,P3,15,low,low,pending
989,"airbnb-landlord-pitch-template","airbnb landlord pitch template","Airbnb Landlord Pitch Template: Practical Guide + Examples",airbnb_arbitrage,commercial,P3,15,medium,low,pending
990,"can-you-use-a-rented-apartment-for-airbnb","can you use a rented apartment for airbnb","Can You Use A Rented Apartment For Airbnb: Complete 2026 Guide",airbnb_arbitrage,informational,P3,15,low,low,pending
991,"airbnb-startup-cost-calculator","airbnb startup cost calculator","Airbnb Startup Cost Calculator: Practical Guide + Examples",airbnb_arbitrage,commercial,P3,15,medium,low,pending
992,"airbnb-arbitrage-for-beginners","airbnb arbitrage for beginners","Airbnb Arbitrage For Beginners: Complete 2026 Guide",airbnb_arbitrage,informational,P3,15,medium,low,pending
993,"airbnb-arbitrage-for-full-time-employees","airbnb arbitrage for full time employees","Airbnb Arbitrage For Full Time Employees: Complete 2026 Guide",airbnb_arbitrage,informational,P3,15,low,low,pending
994,"airbnb-arbitrage-for-real-estate-investors","airbnb arbitrage for real estate investors","Airbnb Arbitrage For Real Estate Investors: Complete 2026 Guide",airbnb_arbitrage,informational,P3,15,low,low,pending
995,"airbnb-arbitrage-for-hosts","airbnb arbitrage for hosts","Airbnb Arbitrage For Hosts: Complete 2026 Guide",airbnb_arbitrage,informational,P3,15,medium,low,pending
996,"airbnb-arbitrage-for-side-hustlers","airbnb arbitrage for side hustlers","Airbnb Arbitrage For Side Hustlers: Complete 2026 Guide",airbnb_arbitrage,informational,P3,15,medium,low,pending
997,"airbnb-arbitrage-for-operators","airbnb arbitrage for operators","Airbnb Arbitrage For Operators: Complete 2026 Guide",airbnb_arbitrage,informational,P3,15,medium,low,pending
998,"airbnb-arbitrage-vs-long-term-rentals","airbnb arbitrage vs long term rentals","Airbnb Arbitrage vs Long Term Rentals: Which Strategy Works Better in 2026?",airbnb_arbitrage,comparison,P3,15,low,low,pending
999,"airbnb-arbitrage-vs-mid-term-rentals","airbnb arbitrage vs mid term rentals","Airbnb Arbitrage vs Mid Term Rentals: Which Strategy Works Better in 2026?",airbnb_arbitrage,comparison,P3,15,low,low,pending
1000,"short-term-rental-setup-for-beginners","short term rental setup for beginners","Short Term Rental Setup For Beginners: Complete 2026 Guide",airbnb_arbitrage,informational,P3,15,low,low,pending
